--------------------------------------------------------
--  File created - Thursday-June-18-2020   
--------------------------------------------------------
--------------------------------------------------------
--  DDL for Table BATAS
--------------------------------------------------------

  CREATE TABLE "PKWT"."BATAS" 
   (	"MIN_LAMA_TRANSAKSI" NUMBER(19,0), 
	"MIN_SALDO_TUTUP" NUMBER(9,0)
   ) SEGMENT CREATION IMMEDIATE 
  PCTFREE 10 PCTUSED 40 INITRANS 1 MAXTRANS 255 NOCOMPRESS LOGGING
  STORAGE(INITIAL 65536 NEXT 1048576 MINEXTENTS 1 MAXEXTENTS 2147483645
  PCTINCREASE 0 FREELISTS 1 FREELIST GROUPS 1 BUFFER_POOL DEFAULT FLASH_CACHE DEFAULT CELL_FLASH_CACHE DEFAULT)
  TABLESPACE "SYSTEM" ;
--------------------------------------------------------
--  DDL for Table HISTORI_SESSION
--------------------------------------------------------

  CREATE TABLE "PKWT"."HISTORI_SESSION" 
   (	"ID" NUMBER(9,0), 
	"ID_PENGGUNA" VARCHAR2(4 BYTE), 
	"LOGIN_TIME" TIMESTAMP (6), 
	"EXPIRE_TIME" TIMESTAMP (6)
   ) SEGMENT CREATION IMMEDIATE 
  PCTFREE 10 PCTUSED 40 INITRANS 1 MAXTRANS 255 NOCOMPRESS LOGGING
  STORAGE(INITIAL 65536 NEXT 1048576 MINEXTENTS 1 MAXEXTENTS 2147483645
  PCTINCREASE 0 FREELISTS 1 FREELIST GROUPS 1 BUFFER_POOL DEFAULT FLASH_CACHE DEFAULT CELL_FLASH_CACHE DEFAULT)
  TABLESPACE "SYSTEM" ;
--------------------------------------------------------
--  DDL for Table HISTORI_TRANSAKSI
--------------------------------------------------------

  CREATE TABLE "PKWT"."HISTORI_TRANSAKSI" 
   (	"ID_HISTORI" VARCHAR2(4 BYTE), 
	"ID_TRANSAKSI_MASUK" VARCHAR2(4 BYTE), 
	"ID_TRANSAKSI_KELUAR" VARCHAR2(4 BYTE)
   ) SEGMENT CREATION IMMEDIATE 
  PCTFREE 10 PCTUSED 40 INITRANS 1 MAXTRANS 255 NOCOMPRESS LOGGING
  STORAGE(INITIAL 65536 NEXT 1048576 MINEXTENTS 1 MAXEXTENTS 2147483645
  PCTINCREASE 0 FREELISTS 1 FREELIST GROUPS 1 BUFFER_POOL DEFAULT FLASH_CACHE DEFAULT CELL_FLASH_CACHE DEFAULT)
  TABLESPACE "SYSTEM" ;
--------------------------------------------------------
--  DDL for Table JABATAN
--------------------------------------------------------

  CREATE TABLE "PKWT"."JABATAN" 
   (	"ID_JABATAN" NUMBER(3,0), 
	"NAMA_JABATAN" VARCHAR2(25 BYTE)
   ) SEGMENT CREATION IMMEDIATE 
  PCTFREE 10 PCTUSED 40 INITRANS 1 MAXTRANS 255 NOCOMPRESS LOGGING
  STORAGE(INITIAL 65536 NEXT 1048576 MINEXTENTS 1 MAXEXTENTS 2147483645
  PCTINCREASE 0 FREELISTS 1 FREELIST GROUPS 1 BUFFER_POOL DEFAULT FLASH_CACHE DEFAULT CELL_FLASH_CACHE DEFAULT)
  TABLESPACE "SYSTEM" ;
--------------------------------------------------------
--  DDL for Table KLIEN
--------------------------------------------------------

  CREATE TABLE "PKWT"."KLIEN" 
   (	"ID_KLIEN" VARCHAR2(4 BYTE), 
	"USERNAME" VARCHAR2(8 BYTE), 
	"PASSWORD" VARCHAR2(6 BYTE), 
	"ID_TABUNGAN" VARCHAR2(4 BYTE)
   ) SEGMENT CREATION IMMEDIATE 
  PCTFREE 10 PCTUSED 40 INITRANS 1 MAXTRANS 255 NOCOMPRESS LOGGING
  STORAGE(INITIAL 65536 NEXT 1048576 MINEXTENTS 1 MAXEXTENTS 2147483645
  PCTINCREASE 0 FREELISTS 1 FREELIST GROUPS 1 BUFFER_POOL DEFAULT FLASH_CACHE DEFAULT CELL_FLASH_CACHE DEFAULT)
  TABLESPACE "SYSTEM" ;
--------------------------------------------------------
--  DDL for Table NASABAH
--------------------------------------------------------

  CREATE TABLE "PKWT"."NASABAH" 
   (	"ID_NASABAH" VARCHAR2(4 BYTE), 
	"FIRST_NAME" VARCHAR2(20 BYTE), 
	"LAST_NAME" VARCHAR2(25 BYTE), 
	"ALAMAT_LENGKAP" VARCHAR2(150 BYTE), 
	"NO_TELEPON" VARCHAR2(13 BYTE), 
	"AGAMA" VARCHAR2(10 BYTE), 
	"JENIS_KELAMIN" VARCHAR2(1 BYTE), 
	"NIK" VARCHAR2(16 BYTE), 
	"NAMA_IBU_KANDUNG" VARCHAR2(25 BYTE), 
	"NPWP" VARCHAR2(20 BYTE), 
	"PEKERJAAN" VARCHAR2(20 BYTE), 
	"TEMPAT_LAHIR" VARCHAR2(25 BYTE), 
	"TANGGAL_LAHIR" DATE
   ) SEGMENT CREATION IMMEDIATE 
  PCTFREE 10 PCTUSED 40 INITRANS 1 MAXTRANS 255 NOCOMPRESS LOGGING
  STORAGE(INITIAL 65536 NEXT 1048576 MINEXTENTS 1 MAXEXTENTS 2147483645
  PCTINCREASE 0 FREELISTS 1 FREELIST GROUPS 1 BUFFER_POOL DEFAULT FLASH_CACHE DEFAULT CELL_FLASH_CACHE DEFAULT)
  TABLESPACE "SYSTEM" ;
--------------------------------------------------------
--  DDL for Table ONLINE_SESSION
--------------------------------------------------------

  CREATE TABLE "PKWT"."ONLINE_SESSION" 
   (	"ID_PENGGUNA" VARCHAR2(4 BYTE), 
	"TOKEN" VARCHAR2(255 BYTE), 
	"EXPIRE_TIME" TIMESTAMP (6)
   ) SEGMENT CREATION IMMEDIATE 
  PCTFREE 10 PCTUSED 40 INITRANS 1 MAXTRANS 255 NOCOMPRESS LOGGING
  STORAGE(INITIAL 65536 NEXT 1048576 MINEXTENTS 1 MAXEXTENTS 2147483645
  PCTINCREASE 0 FREELISTS 1 FREELIST GROUPS 1 BUFFER_POOL DEFAULT FLASH_CACHE DEFAULT CELL_FLASH_CACHE DEFAULT)
  TABLESPACE "SYSTEM" ;
--------------------------------------------------------
--  DDL for Table PEGAWAI
--------------------------------------------------------

  CREATE TABLE "PKWT"."PEGAWAI" 
   (	"ID_PEGAWAI" VARCHAR2(4 BYTE), 
	"FIRST_NAME" VARCHAR2(20 BYTE), 
	"LAST_NAME" VARCHAR2(25 BYTE), 
	"JENIS_KELAMIN" VARCHAR2(1 BYTE), 
	"NO_TELEPON" VARCHAR2(13 BYTE), 
	"AGAMA" VARCHAR2(10 BYTE), 
	"ALAMAT_LENGKAP" VARCHAR2(150 BYTE), 
	"ID_JABATAN" NUMBER(3,0), 
	"TANGGAL_MASUK" DATE, 
	"TEMPAT_LAHIR" VARCHAR2(25 BYTE), 
	"TANGGAL_LAHIR" DATE
   ) SEGMENT CREATION IMMEDIATE 
  PCTFREE 10 PCTUSED 40 INITRANS 1 MAXTRANS 255 NOCOMPRESS LOGGING
  STORAGE(INITIAL 65536 NEXT 1048576 MINEXTENTS 1 MAXEXTENTS 2147483645
  PCTINCREASE 0 FREELISTS 1 FREELIST GROUPS 1 BUFFER_POOL DEFAULT FLASH_CACHE DEFAULT CELL_FLASH_CACHE DEFAULT)
  TABLESPACE "SYSTEM" ;
--------------------------------------------------------
--  DDL for Table SPRING_SESSION
--------------------------------------------------------

  CREATE TABLE "PKWT"."SPRING_SESSION" 
   (	"PRIMARY_ID" CHAR(36 BYTE), 
	"SESSION_ID" CHAR(36 BYTE), 
	"CREATION_TIME" NUMBER(19,0), 
	"LAST_ACCESS_TIME" NUMBER(19,0), 
	"MAX_INACTIVE_INTERVAL" NUMBER(10,0), 
	"EXPIRY_TIME" NUMBER(19,0), 
	"PRINCIPAL_NAME" VARCHAR2(100 CHAR)
   ) SEGMENT CREATION IMMEDIATE 
  PCTFREE 10 PCTUSED 40 INITRANS 1 MAXTRANS 255 NOCOMPRESS LOGGING
  STORAGE(INITIAL 65536 NEXT 1048576 MINEXTENTS 1 MAXEXTENTS 2147483645
  PCTINCREASE 0 FREELISTS 1 FREELIST GROUPS 1 BUFFER_POOL DEFAULT FLASH_CACHE DEFAULT CELL_FLASH_CACHE DEFAULT)
  TABLESPACE "SYSTEM" ;
--------------------------------------------------------
--  DDL for Table SPRING_SESSION_ATTRIBUTES
--------------------------------------------------------

  CREATE TABLE "PKWT"."SPRING_SESSION_ATTRIBUTES" 
   (	"SESSION_PRIMARY_ID" CHAR(36 BYTE), 
	"ATTRIBUTE_NAME" VARCHAR2(200 CHAR), 
	"ATTRIBUTE_BYTES" BLOB
   ) SEGMENT CREATION IMMEDIATE 
  PCTFREE 10 PCTUSED 40 INITRANS 1 MAXTRANS 255 NOCOMPRESS LOGGING
  STORAGE(INITIAL 65536 NEXT 1048576 MINEXTENTS 1 MAXEXTENTS 2147483645
  PCTINCREASE 0 FREELISTS 1 FREELIST GROUPS 1 BUFFER_POOL DEFAULT FLASH_CACHE DEFAULT CELL_FLASH_CACHE DEFAULT)
  TABLESPACE "SYSTEM" 
 LOB ("ATTRIBUTE_BYTES") STORE AS BASICFILE (
  TABLESPACE "SYSTEM" ENABLE STORAGE IN ROW CHUNK 8192 RETENTION 
  NOCACHE LOGGING 
  STORAGE(INITIAL 65536 NEXT 1048576 MINEXTENTS 1 MAXEXTENTS 2147483645
  PCTINCREASE 0 FREELISTS 1 FREELIST GROUPS 1 BUFFER_POOL DEFAULT FLASH_CACHE DEFAULT CELL_FLASH_CACHE DEFAULT)) ;
--------------------------------------------------------
--  DDL for Table TABUNGAN
--------------------------------------------------------

  CREATE TABLE "PKWT"."TABUNGAN" 
   (	"ID_TABUNGAN" VARCHAR2(4 BYTE), 
	"NO_REKENING" NUMBER(8,0), 
	"PIN" VARCHAR2(6 BYTE), 
	"TANGGAL_PEMBUKAAN" DATE, 
	"STATUS" VARCHAR2(9 CHAR), 
	"ID_NASABAH" VARCHAR2(4 BYTE)
   ) SEGMENT CREATION IMMEDIATE 
  PCTFREE 10 PCTUSED 40 INITRANS 1 MAXTRANS 255 NOCOMPRESS LOGGING
  STORAGE(INITIAL 65536 NEXT 1048576 MINEXTENTS 1 MAXEXTENTS 2147483645
  PCTINCREASE 0 FREELISTS 1 FREELIST GROUPS 1 BUFFER_POOL DEFAULT FLASH_CACHE DEFAULT CELL_FLASH_CACHE DEFAULT)
  TABLESPACE "SYSTEM" ;
--------------------------------------------------------
--  DDL for Table TABUNGAN_DETAIL
--------------------------------------------------------

  CREATE TABLE "PKWT"."TABUNGAN_DETAIL" 
   (	"ID_TABUNGAN" VARCHAR2(4 BYTE), 
	"SALDO_MASUK" NUMBER(20,0), 
	"SALDO_KELUAR" NUMBER(20,0), 
	"TOTAL_SALDO" NUMBER(20,0), 
	"TANGGAL_TRANSAKSI" DATE, 
	"KETERANGAN" VARCHAR2(10 BYTE), 
	"BERITA_TRANSFER" VARCHAR2(35 BYTE), 
	"ID_HISTORI" VARCHAR2(4 BYTE)
   ) SEGMENT CREATION IMMEDIATE 
  PCTFREE 10 PCTUSED 40 INITRANS 1 MAXTRANS 255 NOCOMPRESS LOGGING
  STORAGE(INITIAL 65536 NEXT 1048576 MINEXTENTS 1 MAXEXTENTS 2147483645
  PCTINCREASE 0 FREELISTS 1 FREELIST GROUPS 1 BUFFER_POOL DEFAULT FLASH_CACHE DEFAULT CELL_FLASH_CACHE DEFAULT)
  TABLESPACE "SYSTEM" ;
--------------------------------------------------------
--  DDL for Table TRANSAKSI_KELUAR
--------------------------------------------------------

  CREATE TABLE "PKWT"."TRANSAKSI_KELUAR" 
   (	"ID_TRANSAKSI_KELUAR" VARCHAR2(4 BYTE), 
	"PENGIRIM" VARCHAR2(4 BYTE), 
	"PENERIMA" VARCHAR2(4 BYTE), 
	"NOMINAL" NUMBER(20,0), 
	"TANGGAL_KELUAR" DATE
   ) SEGMENT CREATION IMMEDIATE 
  PCTFREE 10 PCTUSED 40 INITRANS 1 MAXTRANS 255 NOCOMPRESS LOGGING
  STORAGE(INITIAL 65536 NEXT 1048576 MINEXTENTS 1 MAXEXTENTS 2147483645
  PCTINCREASE 0 FREELISTS 1 FREELIST GROUPS 1 BUFFER_POOL DEFAULT FLASH_CACHE DEFAULT CELL_FLASH_CACHE DEFAULT)
  TABLESPACE "SYSTEM" ;
--------------------------------------------------------
--  DDL for Table TRANSAKSI_MASUK
--------------------------------------------------------

  CREATE TABLE "PKWT"."TRANSAKSI_MASUK" 
   (	"ID_TRANSAKSI_MASUK" VARCHAR2(4 BYTE), 
	"ID_TABUNGAN" VARCHAR2(4 BYTE), 
	"NOMINAL" NUMBER(20,0), 
	"TANGGAL_MASUK" DATE
   ) SEGMENT CREATION IMMEDIATE 
  PCTFREE 10 PCTUSED 40 INITRANS 1 MAXTRANS 255 NOCOMPRESS LOGGING
  STORAGE(INITIAL 65536 NEXT 1048576 MINEXTENTS 1 MAXEXTENTS 2147483645
  PCTINCREASE 0 FREELISTS 1 FREELIST GROUPS 1 BUFFER_POOL DEFAULT FLASH_CACHE DEFAULT CELL_FLASH_CACHE DEFAULT)
  TABLESPACE "SYSTEM" ;
--------------------------------------------------------
--  DDL for Table USER_PEGAWAI
--------------------------------------------------------

  CREATE TABLE "PKWT"."USER_PEGAWAI" 
   (	"ID_USER" VARCHAR2(4 BYTE), 
	"USERNAME" VARCHAR2(6 BYTE), 
	"PASSWORD" VARCHAR2(6 BYTE), 
	"ID_PEGAWAI" VARCHAR2(4 BYTE)
   ) SEGMENT CREATION IMMEDIATE 
  PCTFREE 10 PCTUSED 40 INITRANS 1 MAXTRANS 255 NOCOMPRESS LOGGING
  STORAGE(INITIAL 65536 NEXT 1048576 MINEXTENTS 1 MAXEXTENTS 2147483645
  PCTINCREASE 0 FREELISTS 1 FREELIST GROUPS 1 BUFFER_POOL DEFAULT FLASH_CACHE DEFAULT CELL_FLASH_CACHE DEFAULT)
  TABLESPACE "SYSTEM" ;
REM INSERTING into PKWT.BATAS
SET DEFINE OFF;
Insert into PKWT.BATAS (MIN_LAMA_TRANSAKSI,MIN_SALDO_TUTUP) values (219000,50000);
REM INSERTING into PKWT.HISTORI_SESSION
SET DEFINE OFF;
Insert into PKWT.HISTORI_SESSION (ID,ID_PENGGUNA,LOGIN_TIME,EXPIRE_TIME) values (1,'K002',to_timestamp('17-FEB-20 08.43.44.000000000 AM','DD-MON-RR HH.MI.SSXFF AM'),to_timestamp('17-FEB-20 08.58.44.000000000 AM','DD-MON-RR HH.MI.SSXFF AM'));
Insert into PKWT.HISTORI_SESSION (ID,ID_PENGGUNA,LOGIN_TIME,EXPIRE_TIME) values (2,'U002',to_timestamp('17-FEB-20 08.48.19.000000000 AM','DD-MON-RR HH.MI.SSXFF AM'),to_timestamp('17-FEB-20 09.03.19.000000000 AM','DD-MON-RR HH.MI.SSXFF AM'));
Insert into PKWT.HISTORI_SESSION (ID,ID_PENGGUNA,LOGIN_TIME,EXPIRE_TIME) values (3,'U001',to_timestamp('17-FEB-20 08.48.55.000000000 AM','DD-MON-RR HH.MI.SSXFF AM'),to_timestamp('17-FEB-20 09.03.55.000000000 AM','DD-MON-RR HH.MI.SSXFF AM'));
Insert into PKWT.HISTORI_SESSION (ID,ID_PENGGUNA,LOGIN_TIME,EXPIRE_TIME) values (4,'U002',to_timestamp('17-FEB-20 08.49.58.000000000 AM','DD-MON-RR HH.MI.SSXFF AM'),to_timestamp('17-FEB-20 09.04.58.000000000 AM','DD-MON-RR HH.MI.SSXFF AM'));
Insert into PKWT.HISTORI_SESSION (ID,ID_PENGGUNA,LOGIN_TIME,EXPIRE_TIME) values (5,'U001',to_timestamp('17-FEB-20 08.56.53.000000000 AM','DD-MON-RR HH.MI.SSXFF AM'),to_timestamp('17-FEB-20 09.11.53.000000000 AM','DD-MON-RR HH.MI.SSXFF AM'));
Insert into PKWT.HISTORI_SESSION (ID,ID_PENGGUNA,LOGIN_TIME,EXPIRE_TIME) values (6,'K004',to_timestamp('17-FEB-20 09.01.07.000000000 AM','DD-MON-RR HH.MI.SSXFF AM'),to_timestamp('17-FEB-20 09.16.07.000000000 AM','DD-MON-RR HH.MI.SSXFF AM'));
Insert into PKWT.HISTORI_SESSION (ID,ID_PENGGUNA,LOGIN_TIME,EXPIRE_TIME) values (7,'U002',to_timestamp('17-FEB-20 09.03.48.000000000 AM','DD-MON-RR HH.MI.SSXFF AM'),to_timestamp('17-FEB-20 09.18.48.000000000 AM','DD-MON-RR HH.MI.SSXFF AM'));
Insert into PKWT.HISTORI_SESSION (ID,ID_PENGGUNA,LOGIN_TIME,EXPIRE_TIME) values (8,'U002',to_timestamp('17-FEB-20 09.05.31.000000000 AM','DD-MON-RR HH.MI.SSXFF AM'),to_timestamp('17-FEB-20 09.20.31.000000000 AM','DD-MON-RR HH.MI.SSXFF AM'));
Insert into PKWT.HISTORI_SESSION (ID,ID_PENGGUNA,LOGIN_TIME,EXPIRE_TIME) values (9,'U007',to_timestamp('17-FEB-20 09.06.57.000000000 AM','DD-MON-RR HH.MI.SSXFF AM'),to_timestamp('17-FEB-20 09.21.57.000000000 AM','DD-MON-RR HH.MI.SSXFF AM'));
Insert into PKWT.HISTORI_SESSION (ID,ID_PENGGUNA,LOGIN_TIME,EXPIRE_TIME) values (10,'U001',to_timestamp('17-FEB-20 09.19.39.000000000 AM','DD-MON-RR HH.MI.SSXFF AM'),to_timestamp('17-FEB-20 09.34.39.000000000 AM','DD-MON-RR HH.MI.SSXFF AM'));
Insert into PKWT.HISTORI_SESSION (ID,ID_PENGGUNA,LOGIN_TIME,EXPIRE_TIME) values (11,'U007',to_timestamp('17-FEB-20 09.20.51.000000000 AM','DD-MON-RR HH.MI.SSXFF AM'),to_timestamp('17-FEB-20 09.35.51.000000000 AM','DD-MON-RR HH.MI.SSXFF AM'));
Insert into PKWT.HISTORI_SESSION (ID,ID_PENGGUNA,LOGIN_TIME,EXPIRE_TIME) values (12,'U001',to_timestamp('17-FEB-20 09.25.17.000000000 AM','DD-MON-RR HH.MI.SSXFF AM'),to_timestamp('17-FEB-20 09.40.17.000000000 AM','DD-MON-RR HH.MI.SSXFF AM'));
Insert into PKWT.HISTORI_SESSION (ID,ID_PENGGUNA,LOGIN_TIME,EXPIRE_TIME) values (13,'U002',to_timestamp('17-FEB-20 09.28.10.000000000 AM','DD-MON-RR HH.MI.SSXFF AM'),to_timestamp('17-FEB-20 09.43.10.000000000 AM','DD-MON-RR HH.MI.SSXFF AM'));
Insert into PKWT.HISTORI_SESSION (ID,ID_PENGGUNA,LOGIN_TIME,EXPIRE_TIME) values (14,'U002',to_timestamp('17-FEB-20 09.29.40.000000000 AM','DD-MON-RR HH.MI.SSXFF AM'),to_timestamp('17-FEB-20 09.44.40.000000000 AM','DD-MON-RR HH.MI.SSXFF AM'));
Insert into PKWT.HISTORI_SESSION (ID,ID_PENGGUNA,LOGIN_TIME,EXPIRE_TIME) values (15,'U001',to_timestamp('17-FEB-20 09.36.36.000000000 AM','DD-MON-RR HH.MI.SSXFF AM'),to_timestamp('17-FEB-20 09.51.36.000000000 AM','DD-MON-RR HH.MI.SSXFF AM'));
Insert into PKWT.HISTORI_SESSION (ID,ID_PENGGUNA,LOGIN_TIME,EXPIRE_TIME) values (16,'U001',to_timestamp('17-FEB-20 09.41.00.000000000 AM','DD-MON-RR HH.MI.SSXFF AM'),to_timestamp('17-FEB-20 09.56.00.000000000 AM','DD-MON-RR HH.MI.SSXFF AM'));
Insert into PKWT.HISTORI_SESSION (ID,ID_PENGGUNA,LOGIN_TIME,EXPIRE_TIME) values (17,'K002',to_timestamp('17-FEB-20 09.51.57.000000000 AM','DD-MON-RR HH.MI.SSXFF AM'),to_timestamp('17-FEB-20 10.06.57.000000000 AM','DD-MON-RR HH.MI.SSXFF AM'));
Insert into PKWT.HISTORI_SESSION (ID,ID_PENGGUNA,LOGIN_TIME,EXPIRE_TIME) values (18,'U001',to_timestamp('17-FEB-20 09.59.14.000000000 AM','DD-MON-RR HH.MI.SSXFF AM'),to_timestamp('17-FEB-20 10.14.14.000000000 AM','DD-MON-RR HH.MI.SSXFF AM'));
Insert into PKWT.HISTORI_SESSION (ID,ID_PENGGUNA,LOGIN_TIME,EXPIRE_TIME) values (19,'K002',to_timestamp('17-FEB-20 10.33.50.000000000 AM','DD-MON-RR HH.MI.SSXFF AM'),to_timestamp('17-FEB-20 10.48.50.000000000 AM','DD-MON-RR HH.MI.SSXFF AM'));
Insert into PKWT.HISTORI_SESSION (ID,ID_PENGGUNA,LOGIN_TIME,EXPIRE_TIME) values (20,'K003',to_timestamp('17-FEB-20 10.43.03.000000000 AM','DD-MON-RR HH.MI.SSXFF AM'),to_timestamp('17-FEB-20 10.58.03.000000000 AM','DD-MON-RR HH.MI.SSXFF AM'));
Insert into PKWT.HISTORI_SESSION (ID,ID_PENGGUNA,LOGIN_TIME,EXPIRE_TIME) values (21,'U002',to_timestamp('17-FEB-20 10.45.56.000000000 AM','DD-MON-RR HH.MI.SSXFF AM'),to_timestamp('17-FEB-20 11.00.56.000000000 AM','DD-MON-RR HH.MI.SSXFF AM'));
Insert into PKWT.HISTORI_SESSION (ID,ID_PENGGUNA,LOGIN_TIME,EXPIRE_TIME) values (22,'K003',to_timestamp('17-FEB-20 10.53.35.000000000 AM','DD-MON-RR HH.MI.SSXFF AM'),to_timestamp('17-FEB-20 11.08.35.000000000 AM','DD-MON-RR HH.MI.SSXFF AM'));
Insert into PKWT.HISTORI_SESSION (ID,ID_PENGGUNA,LOGIN_TIME,EXPIRE_TIME) values (23,'U001',to_timestamp('17-FEB-20 11.01.12.000000000 AM','DD-MON-RR HH.MI.SSXFF AM'),to_timestamp('17-FEB-20 11.16.12.000000000 AM','DD-MON-RR HH.MI.SSXFF AM'));
Insert into PKWT.HISTORI_SESSION (ID,ID_PENGGUNA,LOGIN_TIME,EXPIRE_TIME) values (24,'U002',to_timestamp('17-FEB-20 11.05.43.000000000 AM','DD-MON-RR HH.MI.SSXFF AM'),to_timestamp('17-FEB-20 11.20.43.000000000 AM','DD-MON-RR HH.MI.SSXFF AM'));
Insert into PKWT.HISTORI_SESSION (ID,ID_PENGGUNA,LOGIN_TIME,EXPIRE_TIME) values (25,'U001',to_timestamp('17-FEB-20 11.06.42.000000000 AM','DD-MON-RR HH.MI.SSXFF AM'),to_timestamp('17-FEB-20 11.21.42.000000000 AM','DD-MON-RR HH.MI.SSXFF AM'));
Insert into PKWT.HISTORI_SESSION (ID,ID_PENGGUNA,LOGIN_TIME,EXPIRE_TIME) values (26,'K002',to_timestamp('17-FEB-20 11.11.57.000000000 AM','DD-MON-RR HH.MI.SSXFF AM'),to_timestamp('17-FEB-20 11.26.57.000000000 AM','DD-MON-RR HH.MI.SSXFF AM'));
Insert into PKWT.HISTORI_SESSION (ID,ID_PENGGUNA,LOGIN_TIME,EXPIRE_TIME) values (27,'K002',to_timestamp('17-FEB-20 11.39.26.000000000 AM','DD-MON-RR HH.MI.SSXFF AM'),to_timestamp('17-FEB-20 11.54.26.000000000 AM','DD-MON-RR HH.MI.SSXFF AM'));
Insert into PKWT.HISTORI_SESSION (ID,ID_PENGGUNA,LOGIN_TIME,EXPIRE_TIME) values (28,'K002',to_timestamp('17-FEB-20 11.40.50.000000000 AM','DD-MON-RR HH.MI.SSXFF AM'),to_timestamp('17-FEB-20 11.55.50.000000000 AM','DD-MON-RR HH.MI.SSXFF AM'));
Insert into PKWT.HISTORI_SESSION (ID,ID_PENGGUNA,LOGIN_TIME,EXPIRE_TIME) values (29,'U001',to_timestamp('17-FEB-20 11.41.45.000000000 AM','DD-MON-RR HH.MI.SSXFF AM'),to_timestamp('17-FEB-20 11.56.45.000000000 AM','DD-MON-RR HH.MI.SSXFF AM'));
Insert into PKWT.HISTORI_SESSION (ID,ID_PENGGUNA,LOGIN_TIME,EXPIRE_TIME) values (30,'K002',to_timestamp('17-FEB-20 11.56.46.000000000 AM','DD-MON-RR HH.MI.SSXFF AM'),to_timestamp('17-FEB-20 12.11.46.000000000 PM','DD-MON-RR HH.MI.SSXFF AM'));
Insert into PKWT.HISTORI_SESSION (ID,ID_PENGGUNA,LOGIN_TIME,EXPIRE_TIME) values (31,'K002',to_timestamp('17-FEB-20 01.24.43.000000000 PM','DD-MON-RR HH.MI.SSXFF AM'),to_timestamp('17-FEB-20 01.39.43.000000000 PM','DD-MON-RR HH.MI.SSXFF AM'));
Insert into PKWT.HISTORI_SESSION (ID,ID_PENGGUNA,LOGIN_TIME,EXPIRE_TIME) values (32,'K001',to_timestamp('17-FEB-20 01.25.49.000000000 PM','DD-MON-RR HH.MI.SSXFF AM'),to_timestamp('17-FEB-20 01.40.49.000000000 PM','DD-MON-RR HH.MI.SSXFF AM'));
Insert into PKWT.HISTORI_SESSION (ID,ID_PENGGUNA,LOGIN_TIME,EXPIRE_TIME) values (33,'U001',to_timestamp('17-FEB-20 01.37.22.000000000 PM','DD-MON-RR HH.MI.SSXFF AM'),to_timestamp('17-FEB-20 01.52.22.000000000 PM','DD-MON-RR HH.MI.SSXFF AM'));
Insert into PKWT.HISTORI_SESSION (ID,ID_PENGGUNA,LOGIN_TIME,EXPIRE_TIME) values (34,'K001',to_timestamp('17-FEB-20 01.39.29.000000000 PM','DD-MON-RR HH.MI.SSXFF AM'),to_timestamp('17-FEB-20 01.54.29.000000000 PM','DD-MON-RR HH.MI.SSXFF AM'));
Insert into PKWT.HISTORI_SESSION (ID,ID_PENGGUNA,LOGIN_TIME,EXPIRE_TIME) values (35,'K002',to_timestamp('17-FEB-20 02.46.35.000000000 PM','DD-MON-RR HH.MI.SSXFF AM'),to_timestamp('17-FEB-20 03.01.35.000000000 PM','DD-MON-RR HH.MI.SSXFF AM'));
Insert into PKWT.HISTORI_SESSION (ID,ID_PENGGUNA,LOGIN_TIME,EXPIRE_TIME) values (36,'K002',to_timestamp('17-FEB-20 03.04.29.000000000 PM','DD-MON-RR HH.MI.SSXFF AM'),to_timestamp('17-FEB-20 03.19.29.000000000 PM','DD-MON-RR HH.MI.SSXFF AM'));
Insert into PKWT.HISTORI_SESSION (ID,ID_PENGGUNA,LOGIN_TIME,EXPIRE_TIME) values (37,'U001',to_timestamp('11-MAR-20 01.29.29.000000000 PM','DD-MON-RR HH.MI.SSXFF AM'),to_timestamp('11-MAR-20 01.44.29.000000000 PM','DD-MON-RR HH.MI.SSXFF AM'));
Insert into PKWT.HISTORI_SESSION (ID,ID_PENGGUNA,LOGIN_TIME,EXPIRE_TIME) values (38,'U007',to_timestamp('11-MAR-20 01.48.36.000000000 PM','DD-MON-RR HH.MI.SSXFF AM'),to_timestamp('11-MAR-20 02.03.36.000000000 PM','DD-MON-RR HH.MI.SSXFF AM'));
REM INSERTING into PKWT.HISTORI_TRANSAKSI
SET DEFINE OFF;
Insert into PKWT.HISTORI_TRANSAKSI (ID_HISTORI,ID_TRANSAKSI_MASUK,ID_TRANSAKSI_KELUAR) values ('H003','M003',null);
Insert into PKWT.HISTORI_TRANSAKSI (ID_HISTORI,ID_TRANSAKSI_MASUK,ID_TRANSAKSI_KELUAR) values ('H004','M004',null);
Insert into PKWT.HISTORI_TRANSAKSI (ID_HISTORI,ID_TRANSAKSI_MASUK,ID_TRANSAKSI_KELUAR) values ('H005','M005',null);
Insert into PKWT.HISTORI_TRANSAKSI (ID_HISTORI,ID_TRANSAKSI_MASUK,ID_TRANSAKSI_KELUAR) values ('H001','M001',null);
Insert into PKWT.HISTORI_TRANSAKSI (ID_HISTORI,ID_TRANSAKSI_MASUK,ID_TRANSAKSI_KELUAR) values ('H002','M002',null);
Insert into PKWT.HISTORI_TRANSAKSI (ID_HISTORI,ID_TRANSAKSI_MASUK,ID_TRANSAKSI_KELUAR) values ('H006','M006','K001');
Insert into PKWT.HISTORI_TRANSAKSI (ID_HISTORI,ID_TRANSAKSI_MASUK,ID_TRANSAKSI_KELUAR) values ('H007','M007',null);
Insert into PKWT.HISTORI_TRANSAKSI (ID_HISTORI,ID_TRANSAKSI_MASUK,ID_TRANSAKSI_KELUAR) values ('H008','M008','K002');
Insert into PKWT.HISTORI_TRANSAKSI (ID_HISTORI,ID_TRANSAKSI_MASUK,ID_TRANSAKSI_KELUAR) values ('H009','M009',null);
Insert into PKWT.HISTORI_TRANSAKSI (ID_HISTORI,ID_TRANSAKSI_MASUK,ID_TRANSAKSI_KELUAR) values ('H010','M010','K003');
Insert into PKWT.HISTORI_TRANSAKSI (ID_HISTORI,ID_TRANSAKSI_MASUK,ID_TRANSAKSI_KELUAR) values ('H011','M011',null);
Insert into PKWT.HISTORI_TRANSAKSI (ID_HISTORI,ID_TRANSAKSI_MASUK,ID_TRANSAKSI_KELUAR) values ('H012','M012',null);
Insert into PKWT.HISTORI_TRANSAKSI (ID_HISTORI,ID_TRANSAKSI_MASUK,ID_TRANSAKSI_KELUAR) values ('H013','M013','K004');
Insert into PKWT.HISTORI_TRANSAKSI (ID_HISTORI,ID_TRANSAKSI_MASUK,ID_TRANSAKSI_KELUAR) values ('H014','M014',null);
Insert into PKWT.HISTORI_TRANSAKSI (ID_HISTORI,ID_TRANSAKSI_MASUK,ID_TRANSAKSI_KELUAR) values ('H015','M015','K005');
Insert into PKWT.HISTORI_TRANSAKSI (ID_HISTORI,ID_TRANSAKSI_MASUK,ID_TRANSAKSI_KELUAR) values ('H016','M016','K006');
Insert into PKWT.HISTORI_TRANSAKSI (ID_HISTORI,ID_TRANSAKSI_MASUK,ID_TRANSAKSI_KELUAR) values ('H017','M017','K007');
Insert into PKWT.HISTORI_TRANSAKSI (ID_HISTORI,ID_TRANSAKSI_MASUK,ID_TRANSAKSI_KELUAR) values ('H018','M018',null);
Insert into PKWT.HISTORI_TRANSAKSI (ID_HISTORI,ID_TRANSAKSI_MASUK,ID_TRANSAKSI_KELUAR) values ('H019','M019','K008');
Insert into PKWT.HISTORI_TRANSAKSI (ID_HISTORI,ID_TRANSAKSI_MASUK,ID_TRANSAKSI_KELUAR) values ('H020','M020','K009');
Insert into PKWT.HISTORI_TRANSAKSI (ID_HISTORI,ID_TRANSAKSI_MASUK,ID_TRANSAKSI_KELUAR) values ('H021','M021','K010');
Insert into PKWT.HISTORI_TRANSAKSI (ID_HISTORI,ID_TRANSAKSI_MASUK,ID_TRANSAKSI_KELUAR) values ('H022','M022',null);
Insert into PKWT.HISTORI_TRANSAKSI (ID_HISTORI,ID_TRANSAKSI_MASUK,ID_TRANSAKSI_KELUAR) values ('H023','M023','K011');
Insert into PKWT.HISTORI_TRANSAKSI (ID_HISTORI,ID_TRANSAKSI_MASUK,ID_TRANSAKSI_KELUAR) values ('H024','M024',null);
Insert into PKWT.HISTORI_TRANSAKSI (ID_HISTORI,ID_TRANSAKSI_MASUK,ID_TRANSAKSI_KELUAR) values ('H025','M025',null);
Insert into PKWT.HISTORI_TRANSAKSI (ID_HISTORI,ID_TRANSAKSI_MASUK,ID_TRANSAKSI_KELUAR) values ('H026','M026','K012');
Insert into PKWT.HISTORI_TRANSAKSI (ID_HISTORI,ID_TRANSAKSI_MASUK,ID_TRANSAKSI_KELUAR) values ('H027','M027','K013');
Insert into PKWT.HISTORI_TRANSAKSI (ID_HISTORI,ID_TRANSAKSI_MASUK,ID_TRANSAKSI_KELUAR) values ('H028','M028','K014');
Insert into PKWT.HISTORI_TRANSAKSI (ID_HISTORI,ID_TRANSAKSI_MASUK,ID_TRANSAKSI_KELUAR) values ('H029','M029','K015');
Insert into PKWT.HISTORI_TRANSAKSI (ID_HISTORI,ID_TRANSAKSI_MASUK,ID_TRANSAKSI_KELUAR) values ('H030','M030','K016');
Insert into PKWT.HISTORI_TRANSAKSI (ID_HISTORI,ID_TRANSAKSI_MASUK,ID_TRANSAKSI_KELUAR) values ('H031','M031',null);
Insert into PKWT.HISTORI_TRANSAKSI (ID_HISTORI,ID_TRANSAKSI_MASUK,ID_TRANSAKSI_KELUAR) values ('H032','M032','K017');
REM INSERTING into PKWT.JABATAN
SET DEFINE OFF;
Insert into PKWT.JABATAN (ID_JABATAN,NAMA_JABATAN) values (30,'MANAGER');
Insert into PKWT.JABATAN (ID_JABATAN,NAMA_JABATAN) values (10,'CSO');
Insert into PKWT.JABATAN (ID_JABATAN,NAMA_JABATAN) values (20,'TELLER');
REM INSERTING into PKWT.KLIEN
SET DEFINE OFF;
Insert into PKWT.KLIEN (ID_KLIEN,USERNAME,PASSWORD,ID_TABUNGAN) values ('K001','ilham123','999999','T001');
Insert into PKWT.KLIEN (ID_KLIEN,USERNAME,PASSWORD,ID_TABUNGAN) values ('K002','auraksh','aur123','T002');
Insert into PKWT.KLIEN (ID_KLIEN,USERNAME,PASSWORD,ID_TABUNGAN) values ('K003','manohara','m4n0hr','T003');
Insert into PKWT.KLIEN (ID_KLIEN,USERNAME,PASSWORD,ID_TABUNGAN) values ('K004','bambang','bepe20','T004');
Insert into PKWT.KLIEN (ID_KLIEN,USERNAME,PASSWORD,ID_TABUNGAN) values ('K005','febrihar','feb123','T005');
Insert into PKWT.KLIEN (ID_KLIEN,USERNAME,PASSWORD,ID_TABUNGAN) values ('K006','aqil123','aql123','T006');
Insert into PKWT.KLIEN (ID_KLIEN,USERNAME,PASSWORD,ID_TABUNGAN) values ('K007','ahmad123','ahd123','T009');
REM INSERTING into PKWT.NASABAH
SET DEFINE OFF;
Insert into PKWT.NASABAH (ID_NASABAH,FIRST_NAME,LAST_NAME,ALAMAT_LENGKAP,NO_TELEPON,AGAMA,JENIS_KELAMIN,NIK,NAMA_IBU_KANDUNG,NPWP,PEKERJAAN,TEMPAT_LAHIR,TANGGAL_LAHIR) values ('N001','Aura','Kasih','Panjibuwono Residence, Jl. Pertamina, Jl. Raya Kedaung No.Raya, Kedung Pengawas, Kec. Babelan, Bekasi, Jawa Barat 17610','082230937754','Islam','P','3271046504930004','Susi','018550815512000','Aktor','Jakarta',to_date('20-JAN-78','DD-MON-RR'));
Insert into PKWT.NASABAH (ID_NASABAH,FIRST_NAME,LAST_NAME,ALAMAT_LENGKAP,NO_TELEPON,AGAMA,JENIS_KELAMIN,NIK,NAMA_IBU_KANDUNG,NPWP,PEKERJAAN,TEMPAT_LAHIR,TANGGAL_LAHIR) values ('N002','Manohara','Adelia','Perumahan Bekasi Elok 1, Jl. Perum. Villa Bekasi Indah No.1, Jejalenjaya, Kec. Tambun Utara, Bekasi, Jawa Barat 17510','081378982023','Kristen','P','3271046904780002','Ratna','018550816612000','Artis','Bogor',to_date('13-FEB-90','DD-MON-RR'));
Insert into PKWT.NASABAH (ID_NASABAH,FIRST_NAME,LAST_NAME,ALAMAT_LENGKAP,NO_TELEPON,AGAMA,JENIS_KELAMIN,NIK,NAMA_IBU_KANDUNG,NPWP,PEKERJAAN,TEMPAT_LAHIR,TANGGAL_LAHIR) values ('N003','Bambang','Pamungkas','Jl. Perum Graha Prima Desa. Bendungan Kampung. Kebon Kelapa Blok E No.4, RT.005/RW.013, Satriajaya, Kec. Tambun Utara, Bekasi, Jawa Barat 17510','087879088907','Islam','L','3201046505930002','Indah','018550817712000','Pemain Bola','Bekasi',to_date('29-FEB-72','DD-MON-RR'));
Insert into PKWT.NASABAH (ID_NASABAH,FIRST_NAME,LAST_NAME,ALAMAT_LENGKAP,NO_TELEPON,AGAMA,JENIS_KELAMIN,NIK,NAMA_IBU_KANDUNG,NPWP,PEKERJAAN,TEMPAT_LAHIR,TANGGAL_LAHIR) values ('N004','Febri','Haryadi','Perumahan Griya Padma, Jl. Karang Sambung, Karangsatria, Kec. Tambun Utara, Bekasi, Jawa Barat 17510','082167985467','Islam','L','3209046607960002','Lela','018550818812000','Pemain Bola','Solo',to_date('12-JUN-89','DD-MON-RR'));
Insert into PKWT.NASABAH (ID_NASABAH,FIRST_NAME,LAST_NAME,ALAMAT_LENGKAP,NO_TELEPON,AGAMA,JENIS_KELAMIN,NIK,NAMA_IBU_KANDUNG,NPWP,PEKERJAAN,TEMPAT_LAHIR,TANGGAL_LAHIR) values ('N005','Gofar','Hilman','Kampung Artis, Binamarga Jalan Cipayung Raya, 3 No.2, RT.2/RW.3, Cipayung, Kec. Cipayung, Kota Jakarta Timur, Daerah Khusus Ibukota Jakarta 13840','083879706545','Islam','L','3272056304900008','Ningsih','018550819912000','Penyiar Radio','Indramayu',to_date('05-JUL-97','DD-MON-RR'));
Insert into PKWT.NASABAH (ID_NASABAH,FIRST_NAME,LAST_NAME,ALAMAT_LENGKAP,NO_TELEPON,AGAMA,JENIS_KELAMIN,NIK,NAMA_IBU_KANDUNG,NPWP,PEKERJAAN,TEMPAT_LAHIR,TANGGAL_LAHIR) values ('N006','Steven','King','Jl. Tegal Parang Utara V No.9, RT.4/RW.4, Mampang Prpt., Kec. Mampang Prpt., Kota Jakarta Selatan, Daerah Khusus Ibukota Jakarta 12790','083879706544','Kristen','L','3272056304900011','Lilis','018550819912010','Pengusaha','Jakarta',to_date('12-DEC-95','DD-MON-RR'));
Insert into PKWT.NASABAH (ID_NASABAH,FIRST_NAME,LAST_NAME,ALAMAT_LENGKAP,NO_TELEPON,AGAMA,JENIS_KELAMIN,NIK,NAMA_IBU_KANDUNG,NPWP,PEKERJAAN,TEMPAT_LAHIR,TANGGAL_LAHIR) values ('N007','Alexander','Hunold','Jl. Kedoya Albasia Raya, RT.10/RW.4, Kedoya Sel., Kec. Kb. Jeruk, Kota Jakarta Barat, Daerah Khusus Ibukota Jakarta 11520','083879706546','Budhha','L','3272056304900012','Adelia','018550819912011','Pengacara','Surakarta',to_date('14-APR-96','DD-MON-RR'));
Insert into PKWT.NASABAH (ID_NASABAH,FIRST_NAME,LAST_NAME,ALAMAT_LENGKAP,NO_TELEPON,AGAMA,JENIS_KELAMIN,NIK,NAMA_IBU_KANDUNG,NPWP,PEKERJAAN,TEMPAT_LAHIR,TANGGAL_LAHIR) values ('N008','David','Austin','Jl. Sumur Batu Raya, RT.15/RW.5, Cemp. Baru, Kec. Kemayoran, Kota Jakarta Pusat, Daerah Khusus Ibukota Jakarta 10640','083879706547','Hindu','L','3272056304900013','Bunga','018550819912012','Penjahit','Makassar',to_date('07-MAY-89','DD-MON-RR'));
Insert into PKWT.NASABAH (ID_NASABAH,FIRST_NAME,LAST_NAME,ALAMAT_LENGKAP,NO_TELEPON,AGAMA,JENIS_KELAMIN,NIK,NAMA_IBU_KANDUNG,NPWP,PEKERJAAN,TEMPAT_LAHIR,TANGGAL_LAHIR) values ('N009','Diana','Lorentz','Jl. Raya Bekasi KM.17, RT.5/RW.3, Jatinegara, Kec. Cakung, Kota Jakarta Timur, Daerah Khusus Ibukota Jakarta 13930','083879706548','Kristen','P','3272056304900014','Susan','018550819912013','Pegawai Swasta','Tasikmalaya',to_date('15-DEC-67','DD-MON-RR'));
Insert into PKWT.NASABAH (ID_NASABAH,FIRST_NAME,LAST_NAME,ALAMAT_LENGKAP,NO_TELEPON,AGAMA,JENIS_KELAMIN,NIK,NAMA_IBU_KANDUNG,NPWP,PEKERJAAN,TEMPAT_LAHIR,TANGGAL_LAHIR) values ('N010','Nancy','Greenberg','Komplek walikota, Jl. cicakrowo 3 no.6, RT.8/RW.7, Sukapura, Kec. Cilincing, Kota Jkt Utara, Daerah Khusus Ibukota Jakarta 14140','083879706549','Kristen','P','3272056304900015','Nina','018550819912014','Pegawai Negeri','Bandung',to_date('26-AUG-76','DD-MON-RR'));
Insert into PKWT.NASABAH (ID_NASABAH,FIRST_NAME,LAST_NAME,ALAMAT_LENGKAP,NO_TELEPON,AGAMA,JENIS_KELAMIN,NIK,NAMA_IBU_KANDUNG,NPWP,PEKERJAAN,TEMPAT_LAHIR,TANGGAL_LAHIR) values ('N011','Jose','Mourinho','Jalan Pembangunan II, Poris Plawad Utara, Cipondoh, RT.003/RW.005, Poris Plawad Utara, Kec. Cipondoh, Kota Tangerang, Banten 15141','083879706550','Kristen','L','3272056304900016','Sophia','018550819912015','Petani','Palembang',to_date('29-MAR-80','DD-MON-RR'));
Insert into PKWT.NASABAH (ID_NASABAH,FIRST_NAME,LAST_NAME,ALAMAT_LENGKAP,NO_TELEPON,AGAMA,JENIS_KELAMIN,NIK,NAMA_IBU_KANDUNG,NPWP,PEKERJAAN,TEMPAT_LAHIR,TANGGAL_LAHIR) values ('N012','Jurgen','Klopp','Perumahan Peninggilan Asri, Jl. Sukarela, RT.004/RW.001, Paninggilan, Kec. Ciledug, Kota Tangerang, Banten 15153','083879706551','Kristen','L','3272056304900017','Zubaidah','018550819912016','Pelatih Bola','Sukabumi',to_date('02-FEB-81','DD-MON-RR'));
Insert into PKWT.NASABAH (ID_NASABAH,FIRST_NAME,LAST_NAME,ALAMAT_LENGKAP,NO_TELEPON,AGAMA,JENIS_KELAMIN,NIK,NAMA_IBU_KANDUNG,NPWP,PEKERJAAN,TEMPAT_LAHIR,TANGGAL_LAHIR) values ('N013','Rafael','Benitez','Jl. Periuk, RT.006/RW.012, Gebang Raya, Kec. Periuk, Kota Tangerang, Banten 15132','083879706552','Kristen','L','3272056304900018','Anies','018550819912017','Pegawai Swasta','Aceh',to_date('03-MAR-70','DD-MON-RR'));
Insert into PKWT.NASABAH (ID_NASABAH,FIRST_NAME,LAST_NAME,ALAMAT_LENGKAP,NO_TELEPON,AGAMA,JENIS_KELAMIN,NIK,NAMA_IBU_KANDUNG,NPWP,PEKERJAAN,TEMPAT_LAHIR,TANGGAL_LAHIR) values ('N014','Shelli','Baida','Perumahan Pesona Batavia, Jl. Raya Parung No.17, Jampang, Kec. Kemang, Bogor, Jawa Barat 16310','083879706553','Islam','P','3272056304900019','Yanti','018550819912018','Pegawai Negeri','Medan',to_date('09-JUN-80','DD-MON-RR'));
Insert into PKWT.NASABAH (ID_NASABAH,FIRST_NAME,LAST_NAME,ALAMAT_LENGKAP,NO_TELEPON,AGAMA,JENIS_KELAMIN,NIK,NAMA_IBU_KANDUNG,NPWP,PEKERJAAN,TEMPAT_LAHIR,TANGGAL_LAHIR) values ('N015','Julia','Nayer','Jl. Sawangan Elok No.68, Duren Seribu, Kec. Bojongsari, Kota Depok, Jawa Barat 16518','083879706554','Islam','P','3272056304900020','Titin','018550819912019','Wiraswasta','Lampung',to_date('10-JUL-97','DD-MON-RR'));
Insert into PKWT.NASABAH (ID_NASABAH,FIRST_NAME,LAST_NAME,ALAMAT_LENGKAP,NO_TELEPON,AGAMA,JENIS_KELAMIN,NIK,NAMA_IBU_KANDUNG,NPWP,PEKERJAAN,TEMPAT_LAHIR,TANGGAL_LAHIR) values ('N016','Bojan','Malisic','Perumahan Alam Sukmajaya , Jl. Setu Baru, RT.1/RW.1, Kel. Sukmajaya, Kec. Sukmajaya, Kota Depok, Jawa Barat 16412','083879706561','Kristen','L','3272056304900021','Sari','018550819912020','Pengusaha','Kendal',to_date('11-AUG-67','DD-MON-RR'));
Insert into PKWT.NASABAH (ID_NASABAH,FIRST_NAME,LAST_NAME,ALAMAT_LENGKAP,NO_TELEPON,AGAMA,JENIS_KELAMIN,NIK,NAMA_IBU_KANDUNG,NPWP,PEKERJAAN,TEMPAT_LAHIR,TANGGAL_LAHIR) values ('N017','Stefani','Robert','Jl. Apel IV, Rangkapan Jaya, Kec. Pancoran Mas, Kota Depok, Jawa Barat 16435','083879706562','Islam','P','3272056304900022','Fani','018550819912021','Pegawai Swasta','Madura',to_date('12-SEP-98','DD-MON-RR'));
Insert into PKWT.NASABAH (ID_NASABAH,FIRST_NAME,LAST_NAME,ALAMAT_LENGKAP,NO_TELEPON,AGAMA,JENIS_KELAMIN,NIK,NAMA_IBU_KANDUNG,NPWP,PEKERJAAN,TEMPAT_LAHIR,TANGGAL_LAHIR) values ('N018','Anggi','Oktaviana','Jl. Raya Bogor No.17, RT.07/RW.01, Tanah Baru, Kec. Bogor Utara, Kota Bogor, Jawa Barat 16151','083879706563','Islam','P','3272056304900023','Safira','018550819912022','Pegawai Negeri','Manado',to_date('13-OCT-97','DD-MON-RR'));
Insert into PKWT.NASABAH (ID_NASABAH,FIRST_NAME,LAST_NAME,ALAMAT_LENGKAP,NO_TELEPON,AGAMA,JENIS_KELAMIN,NIK,NAMA_IBU_KANDUNG,NPWP,PEKERJAAN,TEMPAT_LAHIR,TANGGAL_LAHIR) values ('N019','Sarah','Gibson','Perumahan Bogor Baru, Jl. Bogor Baru Utara, RT.06/RW.01, Tegallega, Kecamatan Bogor Tengah, Kota Bogor, Jawa Barat 16129','083879706564','Islam','P','3272056304900024','Lusi','018550819912023','Artis','Maluku',to_date('25-NOV-96','DD-MON-RR'));
Insert into PKWT.NASABAH (ID_NASABAH,FIRST_NAME,LAST_NAME,ALAMAT_LENGKAP,NO_TELEPON,AGAMA,JENIS_KELAMIN,NIK,NAMA_IBU_KANDUNG,NPWP,PEKERJAAN,TEMPAT_LAHIR,TANGGAL_LAHIR) values ('N020','Bagas','Kahfi','Perumahan 16 Bintaro Jaya, Jl. Jurang Mangu Baru. No.46, Jurang Mangu Barat, Kec. Pd. Aren, Kota Tangerang Selatan, Banten 15223','083879706565','Islam','L','3272056304900025','Cindy','018550819912024','Pemain Bola','Padang',to_date('26-DEC-98','DD-MON-RR'));
Insert into PKWT.NASABAH (ID_NASABAH,FIRST_NAME,LAST_NAME,ALAMAT_LENGKAP,NO_TELEPON,AGAMA,JENIS_KELAMIN,NIK,NAMA_IBU_KANDUNG,NPWP,PEKERJAAN,TEMPAT_LAHIR,TANGGAL_LAHIR) values ('N021','Ilham','Indrastata','Asgard','082111677247','Islam','L','3307092910010005','aaa','11223344','Player ML','Asgard',to_date('29-OCT-01','DD-MON-RR'));
Insert into PKWT.NASABAH (ID_NASABAH,FIRST_NAME,LAST_NAME,ALAMAT_LENGKAP,NO_TELEPON,AGAMA,JENIS_KELAMIN,NIK,NAMA_IBU_KANDUNG,NPWP,PEKERJAAN,TEMPAT_LAHIR,TANGGAL_LAHIR) values ('N022','Aqil','Munawar','Jalan jalan ke pasar minggu! CAKEP!!!','081267778965','Islam','L','125666788','Aninnda','21321321321312323123','Banker','Jakarta',to_date('15-OCT-97','DD-MON-RR'));
Insert into PKWT.NASABAH (ID_NASABAH,FIRST_NAME,LAST_NAME,ALAMAT_LENGKAP,NO_TELEPON,AGAMA,JENIS_KELAMIN,NIK,NAMA_IBU_KANDUNG,NPWP,PEKERJAAN,TEMPAT_LAHIR,TANGGAL_LAHIR) values ('N023','Ahmad','badarudin','Jakarta','0821123391','Islam','L','321341511','anin','213123','programmer','Jakarta',to_date('01-FEB-20','DD-MON-RR'));
REM INSERTING into PKWT.ONLINE_SESSION
SET DEFINE OFF;
Insert into PKWT.ONLINE_SESSION (ID_PENGGUNA,TOKEN,EXPIRE_TIME) values ('U001','23bf1dfc39a1d7b65bbc4d28cf1ab8caaad16025fd861279012133cd237a8795',to_timestamp('11-MAR-20 01.44.29.000000000 PM','DD-MON-RR HH.MI.SSXFF AM'));
REM INSERTING into PKWT.PEGAWAI
SET DEFINE OFF;
Insert into PKWT.PEGAWAI (ID_PEGAWAI,FIRST_NAME,LAST_NAME,JENIS_KELAMIN,NO_TELEPON,AGAMA,ALAMAT_LENGKAP,ID_JABATAN,TANGGAL_MASUK,TEMPAT_LAHIR,TANGGAL_LAHIR) values ('P001','Sri','Rezeki','P','0812799080907','Kristen','Perum Bojong Menteng Indah, Jl. Kemuning Raya No.9, RT.003/RW.005, Bojong Menteng, Rawa Lumbu, Bekasi, Jawa Barat',10,to_date('01-JAN-19','DD-MON-RR'),'Surabaya',to_date('09-MAR-90','DD-MON-RR'));
Insert into PKWT.PEGAWAI (ID_PEGAWAI,FIRST_NAME,LAST_NAME,JENIS_KELAMIN,NO_TELEPON,AGAMA,ALAMAT_LENGKAP,ID_JABATAN,TANGGAL_MASUK,TEMPAT_LAHIR,TANGGAL_LAHIR) values ('P002','Adelia','Pinot','P','0857243978101','Kristen','Jl. Cirendeu Permai Raya, RT.4/RW.2, Lb. Bulus, Kec. Cilandak, Kota Jakarta Selatan, Daerah Khusus Ibukota Jakarta',20,to_date('04-JAN-19','DD-MON-RR'),'Jakarta',to_date('14-AUG-93','DD-MON-RR'));
Insert into PKWT.PEGAWAI (ID_PEGAWAI,FIRST_NAME,LAST_NAME,JENIS_KELAMIN,NO_TELEPON,AGAMA,ALAMAT_LENGKAP,ID_JABATAN,TANGGAL_MASUK,TEMPAT_LAHIR,TANGGAL_LAHIR) values ('P003','Isabella','Sri','P','0819275701065','Kristen','Jl. Pondok Betung Raya Jl. Bintaro Puspita Raya No.10, RW.8, Bintaro, Kec. Pd. Aren, Kota Jakarta Selatan, Banten ',20,to_date('05-JAN-19','DD-MON-RR'),'Tangerang',to_date('15-JAN-90','DD-MON-RR'));
Insert into PKWT.PEGAWAI (ID_PEGAWAI,FIRST_NAME,LAST_NAME,JENIS_KELAMIN,NO_TELEPON,AGAMA,ALAMAT_LENGKAP,ID_JABATAN,TANGGAL_MASUK,TEMPAT_LAHIR,TANGGAL_LAHIR) values ('P004','Intan','Berlian','P','0899675908134','Kristen','Jl. Taman Marga Satwa No.43-60, RT.11/RW.5, Jati Padang, Kec. Ps. Minggu, Kota Jakarta Selatan, Daerah Khusus Ibukota Jakarta',20,to_date('06-JAN-19','DD-MON-RR'),'Jakarta',to_date('07-JUL-92','DD-MON-RR'));
Insert into PKWT.PEGAWAI (ID_PEGAWAI,FIRST_NAME,LAST_NAME,JENIS_KELAMIN,NO_TELEPON,AGAMA,ALAMAT_LENGKAP,ID_JABATAN,TANGGAL_MASUK,TEMPAT_LAHIR,TANGGAL_LAHIR) values ('P005','Bunga','Mawar','P','0877404489889','Islam','Jl. Setu Cipayung No.17, RW.4, Cilangkap, Kec. Cipayung, Kota Jakarta Timur, Daerah Khusus Ibukota Jakarta',10,to_date('07-JAN-19','DD-MON-RR'),'Jakarta',to_date('26-DEC-92','DD-MON-RR'));
Insert into PKWT.PEGAWAI (ID_PEGAWAI,FIRST_NAME,LAST_NAME,JENIS_KELAMIN,NO_TELEPON,AGAMA,ALAMAT_LENGKAP,ID_JABATAN,TANGGAL_MASUK,TEMPAT_LAHIR,TANGGAL_LAHIR) values ('P006','Broto','Santoso','L','0812967030501','Islam','Perum. Bekasi Elok 1, Jl. Perum. Villa Bekasi Indah No.1, Jejalenjaya, Kec. Tambun Utara, Bekasi, Jawa Barat ',10,to_date('08-JAN-19','DD-MON-RR'),'Bekasi',to_date('11-NOV-89','DD-MON-RR'));
Insert into PKWT.PEGAWAI (ID_PEGAWAI,FIRST_NAME,LAST_NAME,JENIS_KELAMIN,NO_TELEPON,AGAMA,ALAMAT_LENGKAP,ID_JABATAN,TANGGAL_MASUK,TEMPAT_LAHIR,TANGGAL_LAHIR) values ('P007','Joshua','Ananda','L','0877203470198','Kristen','Jl. Tegal Parang Utara V No.9, RT.4/RW.4, Mampang Prpt., Kec. Mampang Prpt., Kota Jakarta Selatan, Daerah Khusus Ibukota Jakarta',10,to_date('08-JAN-19','DD-MON-RR'),'Tangerang',to_date('19-AUG-91','DD-MON-RR'));
Insert into PKWT.PEGAWAI (ID_PEGAWAI,FIRST_NAME,LAST_NAME,JENIS_KELAMIN,NO_TELEPON,AGAMA,ALAMAT_LENGKAP,ID_JABATAN,TANGGAL_MASUK,TEMPAT_LAHIR,TANGGAL_LAHIR) values ('P008','Mail','Ismail','L','0813298056011','Islam','Jl. Cipto Mangunkusumo, Paninggilan Utara, Ciledug, RT.001/RW.014, Gaga, Kec. Larangan, Kota Tangerang, Banten',20,to_date('07-JAN-19','DD-MON-RR'),'Jakarta',to_date('03-FEB-92','DD-MON-RR'));
Insert into PKWT.PEGAWAI (ID_PEGAWAI,FIRST_NAME,LAST_NAME,JENIS_KELAMIN,NO_TELEPON,AGAMA,ALAMAT_LENGKAP,ID_JABATAN,TANGGAL_MASUK,TEMPAT_LAHIR,TANGGAL_LAHIR) values ('P009','Stefan','William','L','0857435098123','Kristen','Jl. Cilandak Tengah 3 No.48, RT.1/RW.1, Cilandak Bar., Kec. Cilandak, Kota Jakarta Selatan, Daerah Khusus Ibukota Jakarta',10,to_date('10-JAN-19','DD-MON-RR'),'Bandung',to_date('16-APR-94','DD-MON-RR'));
Insert into PKWT.PEGAWAI (ID_PEGAWAI,FIRST_NAME,LAST_NAME,JENIS_KELAMIN,NO_TELEPON,AGAMA,ALAMAT_LENGKAP,ID_JABATAN,TANGGAL_MASUK,TEMPAT_LAHIR,TANGGAL_LAHIR) values ('P010','Jarjit','Singh','L','0878320791897','Budha','Jl. Poltangan Raya, RT.3/RW.5, Tj. Bar., Kec. Jagakarsa, Kota Jakarta Selatan, Daerah Khusus Ibukota Jakarta',10,to_date('11-JAN-19','DD-MON-RR'),'Medan',to_date('18-JAN-92','DD-MON-RR'));
Insert into PKWT.PEGAWAI (ID_PEGAWAI,FIRST_NAME,LAST_NAME,JENIS_KELAMIN,NO_TELEPON,AGAMA,ALAMAT_LENGKAP,ID_JABATAN,TANGGAL_MASUK,TEMPAT_LAHIR,TANGGAL_LAHIR) values ('P011','Heri','Yanto','L','0812539076999','Islam','Kompleks Perumahan Bukit Golf Pondok Indah, RT.1/RW.16, Pondok Pinang, Kebayoran Lama, Kota Jakarta Selatan, Daerah Khusus Ibukota Jakarta',30,to_date('07-JUL-18','DD-MON-RR'),'Solo',to_date('28-OCT-75','DD-MON-RR'));
Insert into PKWT.PEGAWAI (ID_PEGAWAI,FIRST_NAME,LAST_NAME,JENIS_KELAMIN,NO_TELEPON,AGAMA,ALAMAT_LENGKAP,ID_JABATAN,TANGGAL_MASUK,TEMPAT_LAHIR,TANGGAL_LAHIR) values ('P012','Lulove','Kumalasari','P','0813920085810','Kristen','Green Andara Residences, Jl. Andara No.17, Pangkalan Jati Baru, Kec. Cinere, Kota Depok, Jawa Barat ',30,to_date('12-JUL-18','DD-MON-RR'),'Padang',to_date('15-NOV-87','DD-MON-RR'));
Insert into PKWT.PEGAWAI (ID_PEGAWAI,FIRST_NAME,LAST_NAME,JENIS_KELAMIN,NO_TELEPON,AGAMA,ALAMAT_LENGKAP,ID_JABATAN,TANGGAL_MASUK,TEMPAT_LAHIR,TANGGAL_LAHIR) values ('P014','tatan','Ramadhan','L','0866644','Islam','jakarta',30,to_date('14-FEB-20','DD-MON-RR'),'Jakarta',to_date('01-FEB-97','DD-MON-RR'));
Insert into PKWT.PEGAWAI (ID_PEGAWAI,FIRST_NAME,LAST_NAME,JENIS_KELAMIN,NO_TELEPON,AGAMA,ALAMAT_LENGKAP,ID_JABATAN,TANGGAL_MASUK,TEMPAT_LAHIR,TANGGAL_LAHIR) values ('P013','Keanu','Angelo','L','7676887687680','Islam','Jalan ku ada limaaaa rupa rupa warnanyaaa',10,to_date('06-FEB-20','DD-MON-RR'),'Wakanda',to_date('06-FEB-00','DD-MON-RR'));
REM INSERTING into PKWT.SPRING_SESSION
SET DEFINE OFF;
Insert into PKWT.SPRING_SESSION (PRIMARY_ID,SESSION_ID,CREATION_TIME,LAST_ACCESS_TIME,MAX_INACTIVE_INTERVAL,EXPIRY_TIME,PRINCIPAL_NAME) values ('82d7dfd9-9ed6-4ed3-b342-cca51207eaf6','3cc7fbaf-d00a-4289-bbfd-134c9914e22c',1583909969605,1583909969769,900,1583910869769,null);
REM INSERTING into PKWT.SPRING_SESSION_ATTRIBUTES
SET DEFINE OFF;
REM INSERTING into PKWT.TABUNGAN
SET DEFINE OFF;
Insert into PKWT.TABUNGAN (ID_TABUNGAN,NO_REKENING,PIN,TANGGAL_PEMBUKAAN,STATUS,ID_NASABAH) values ('T003',26517003,'123456',to_date('14-FEB-20','DD-MON-RR'),'NON-AKTIF','N002');
Insert into PKWT.TABUNGAN (ID_TABUNGAN,NO_REKENING,PIN,TANGGAL_PEMBUKAAN,STATUS,ID_NASABAH) values ('T001',26517001,'291001',to_date('14-FEB-20','DD-MON-RR'),'AKTIF','N021');
Insert into PKWT.TABUNGAN (ID_TABUNGAN,NO_REKENING,PIN,TANGGAL_PEMBUKAAN,STATUS,ID_NASABAH) values ('T004',26517004,'123456',to_date('14-FEB-20','DD-MON-RR'),'NON-AKTIF','N003');
Insert into PKWT.TABUNGAN (ID_TABUNGAN,NO_REKENING,PIN,TANGGAL_PEMBUKAAN,STATUS,ID_NASABAH) values ('T002',26517002,'123456',to_date('14-FEB-20','DD-MON-RR'),'AKTIF','N001');
Insert into PKWT.TABUNGAN (ID_TABUNGAN,NO_REKENING,PIN,TANGGAL_PEMBUKAAN,STATUS,ID_NASABAH) values ('T005',26517005,'123456',to_date('14-FEB-20','DD-MON-RR'),'AKTIF','N004');
Insert into PKWT.TABUNGAN (ID_TABUNGAN,NO_REKENING,PIN,TANGGAL_PEMBUKAAN,STATUS,ID_NASABAH) values ('T006',26517006,'555913',to_date('14-FEB-20','DD-MON-RR'),'AKTIF','N022');
Insert into PKWT.TABUNGAN (ID_TABUNGAN,NO_REKENING,PIN,TANGGAL_PEMBUKAAN,STATUS,ID_NASABAH) values ('T007',26517007,'123456',to_date('14-FEB-20','DD-MON-RR'),'AKTIF','N022');
Insert into PKWT.TABUNGAN (ID_TABUNGAN,NO_REKENING,PIN,TANGGAL_PEMBUKAAN,STATUS,ID_NASABAH) values ('T008',26517008,'123456',to_date('16-FEB-20','DD-MON-RR'),'AKTIF','N022');
Insert into PKWT.TABUNGAN (ID_TABUNGAN,NO_REKENING,PIN,TANGGAL_PEMBUKAAN,STATUS,ID_NASABAH) values ('T009',26517009,'123456',to_date('17-FEB-20','DD-MON-RR'),'NON-AKTIF','N023');
REM INSERTING into PKWT.TABUNGAN_DETAIL
SET DEFINE OFF;
Insert into PKWT.TABUNGAN_DETAIL (ID_TABUNGAN,SALDO_MASUK,SALDO_KELUAR,TOTAL_SALDO,TANGGAL_TRANSAKSI,KETERANGAN,BERITA_TRANSFER,ID_HISTORI) values ('T003',2000000,null,200000,to_date('14-FEB-20','DD-MON-RR'),'Setor',null,'H003');
Insert into PKWT.TABUNGAN_DETAIL (ID_TABUNGAN,SALDO_MASUK,SALDO_KELUAR,TOTAL_SALDO,TANGGAL_TRANSAKSI,KETERANGAN,BERITA_TRANSFER,ID_HISTORI) values ('T004',1000000,null,1000000,to_date('14-FEB-20','DD-MON-RR'),'Setor',null,'H004');
Insert into PKWT.TABUNGAN_DETAIL (ID_TABUNGAN,SALDO_MASUK,SALDO_KELUAR,TOTAL_SALDO,TANGGAL_TRANSAKSI,KETERANGAN,BERITA_TRANSFER,ID_HISTORI) values ('T005',500000,null,500000,to_date('14-FEB-20','DD-MON-RR'),'Setor',null,'H005');
Insert into PKWT.TABUNGAN_DETAIL (ID_TABUNGAN,SALDO_MASUK,SALDO_KELUAR,TOTAL_SALDO,TANGGAL_TRANSAKSI,KETERANGAN,BERITA_TRANSFER,ID_HISTORI) values ('T001',21474800,null,214748,to_date('14-FEB-20','DD-MON-RR'),'Setor',null,'H001');
Insert into PKWT.TABUNGAN_DETAIL (ID_TABUNGAN,SALDO_MASUK,SALDO_KELUAR,TOTAL_SALDO,TANGGAL_TRANSAKSI,KETERANGAN,BERITA_TRANSFER,ID_HISTORI) values ('T002',1000000,null,1000000,to_date('14-FEB-20','DD-MON-RR'),'Setor',null,'H002');
Insert into PKWT.TABUNGAN_DETAIL (ID_TABUNGAN,SALDO_MASUK,SALDO_KELUAR,TOTAL_SALDO,TANGGAL_TRANSAKSI,KETERANGAN,BERITA_TRANSFER,ID_HISTORI) values ('T001',250000,null,464748,to_date('14-FEB-20','DD-MON-RR'),'Transfer','Tes','H006');
Insert into PKWT.TABUNGAN_DETAIL (ID_TABUNGAN,SALDO_MASUK,SALDO_KELUAR,TOTAL_SALDO,TANGGAL_TRANSAKSI,KETERANGAN,BERITA_TRANSFER,ID_HISTORI) values ('T004',null,250000,750000,to_date('14-FEB-20','DD-MON-RR'),'Transfer','Tes','H006');
Insert into PKWT.TABUNGAN_DETAIL (ID_TABUNGAN,SALDO_MASUK,SALDO_KELUAR,TOTAL_SALDO,TANGGAL_TRANSAKSI,KETERANGAN,BERITA_TRANSFER,ID_HISTORI) values ('T002',10000000,null,11000000,to_date('14-FEB-20','DD-MON-RR'),'Setor',null,'H007');
Insert into PKWT.TABUNGAN_DETAIL (ID_TABUNGAN,SALDO_MASUK,SALDO_KELUAR,TOTAL_SALDO,TANGGAL_TRANSAKSI,KETERANGAN,BERITA_TRANSFER,ID_HISTORI) values ('T004',500000,null,1250000,to_date('14-FEB-20','DD-MON-RR'),'Transfer','Buat beli baju gemes','H008');
Insert into PKWT.TABUNGAN_DETAIL (ID_TABUNGAN,SALDO_MASUK,SALDO_KELUAR,TOTAL_SALDO,TANGGAL_TRANSAKSI,KETERANGAN,BERITA_TRANSFER,ID_HISTORI) values ('T002',null,500000,10500000,to_date('14-FEB-20','DD-MON-RR'),'Transfer','Buat beli baju gemes','H008');
Insert into PKWT.TABUNGAN_DETAIL (ID_TABUNGAN,SALDO_MASUK,SALDO_KELUAR,TOTAL_SALDO,TANGGAL_TRANSAKSI,KETERANGAN,BERITA_TRANSFER,ID_HISTORI) values ('T001',2000000000,null,2000464748,to_date('14-FEB-20','DD-MON-RR'),'Setor',null,'H009');
Insert into PKWT.TABUNGAN_DETAIL (ID_TABUNGAN,SALDO_MASUK,SALDO_KELUAR,TOTAL_SALDO,TANGGAL_TRANSAKSI,KETERANGAN,BERITA_TRANSFER,ID_HISTORI) values ('T002',99999999,null,110499999,to_date('14-FEB-20','DD-MON-RR'),'Transfer','Cuan panas','H010');
Insert into PKWT.TABUNGAN_DETAIL (ID_TABUNGAN,SALDO_MASUK,SALDO_KELUAR,TOTAL_SALDO,TANGGAL_TRANSAKSI,KETERANGAN,BERITA_TRANSFER,ID_HISTORI) values ('T001',null,99999999,1900464749,to_date('14-FEB-20','DD-MON-RR'),'Transfer','Cuan panas','H010');
Insert into PKWT.TABUNGAN_DETAIL (ID_TABUNGAN,SALDO_MASUK,SALDO_KELUAR,TOTAL_SALDO,TANGGAL_TRANSAKSI,KETERANGAN,BERITA_TRANSFER,ID_HISTORI) values ('T006',100000,null,100000,to_date('14-FEB-20','DD-MON-RR'),'Setor',null,'H011');
Insert into PKWT.TABUNGAN_DETAIL (ID_TABUNGAN,SALDO_MASUK,SALDO_KELUAR,TOTAL_SALDO,TANGGAL_TRANSAKSI,KETERANGAN,BERITA_TRANSFER,ID_HISTORI) values ('T006',100000,null,200000,to_date('14-FEB-20','DD-MON-RR'),'Setor',null,'H012');
Insert into PKWT.TABUNGAN_DETAIL (ID_TABUNGAN,SALDO_MASUK,SALDO_KELUAR,TOTAL_SALDO,TANGGAL_TRANSAKSI,KETERANGAN,BERITA_TRANSFER,ID_HISTORI) values ('T006',10000,null,210000,to_date('14-FEB-20','DD-MON-RR'),'Transfer','coba','H013');
Insert into PKWT.TABUNGAN_DETAIL (ID_TABUNGAN,SALDO_MASUK,SALDO_KELUAR,TOTAL_SALDO,TANGGAL_TRANSAKSI,KETERANGAN,BERITA_TRANSFER,ID_HISTORI) values ('T001',null,10000,1900454749,to_date('14-FEB-20','DD-MON-RR'),'Transfer','coba','H013');
Insert into PKWT.TABUNGAN_DETAIL (ID_TABUNGAN,SALDO_MASUK,SALDO_KELUAR,TOTAL_SALDO,TANGGAL_TRANSAKSI,KETERANGAN,BERITA_TRANSFER,ID_HISTORI) values ('T007',2000000,null,2000000,to_date('14-FEB-20','DD-MON-RR'),'Setor',null,'H014');
Insert into PKWT.TABUNGAN_DETAIL (ID_TABUNGAN,SALDO_MASUK,SALDO_KELUAR,TOTAL_SALDO,TANGGAL_TRANSAKSI,KETERANGAN,BERITA_TRANSFER,ID_HISTORI) values ('T001',10000,null,1900464749,to_date('14-FEB-20','DD-MON-RR'),'Transfer','Ok','H015');
Insert into PKWT.TABUNGAN_DETAIL (ID_TABUNGAN,SALDO_MASUK,SALDO_KELUAR,TOTAL_SALDO,TANGGAL_TRANSAKSI,KETERANGAN,BERITA_TRANSFER,ID_HISTORI) values ('T004',null,10000,1240000,to_date('14-FEB-20','DD-MON-RR'),'Transfer','Ok','H015');
Insert into PKWT.TABUNGAN_DETAIL (ID_TABUNGAN,SALDO_MASUK,SALDO_KELUAR,TOTAL_SALDO,TANGGAL_TRANSAKSI,KETERANGAN,BERITA_TRANSFER,ID_HISTORI) values ('T004',2000000,null,3240000,to_date('16-FEB-20','DD-MON-RR'),'Transfer',null,'H016');
Insert into PKWT.TABUNGAN_DETAIL (ID_TABUNGAN,SALDO_MASUK,SALDO_KELUAR,TOTAL_SALDO,TANGGAL_TRANSAKSI,KETERANGAN,BERITA_TRANSFER,ID_HISTORI) values ('T001',null,2000000,1898464749,to_date('16-FEB-20','DD-MON-RR'),'Transfer',null,'H016');
Insert into PKWT.TABUNGAN_DETAIL (ID_TABUNGAN,SALDO_MASUK,SALDO_KELUAR,TOTAL_SALDO,TANGGAL_TRANSAKSI,KETERANGAN,BERITA_TRANSFER,ID_HISTORI) values ('T004',500000,null,3740000,to_date('16-FEB-20','DD-MON-RR'),'Transfer','Bayar Hutang','H017');
Insert into PKWT.TABUNGAN_DETAIL (ID_TABUNGAN,SALDO_MASUK,SALDO_KELUAR,TOTAL_SALDO,TANGGAL_TRANSAKSI,KETERANGAN,BERITA_TRANSFER,ID_HISTORI) values ('T001',null,500000,1897964749,to_date('16-FEB-20','DD-MON-RR'),'Transfer','Bayar Hutang','H017');
Insert into PKWT.TABUNGAN_DETAIL (ID_TABUNGAN,SALDO_MASUK,SALDO_KELUAR,TOTAL_SALDO,TANGGAL_TRANSAKSI,KETERANGAN,BERITA_TRANSFER,ID_HISTORI) values ('T008',50000,null,50000,to_date('16-FEB-20','DD-MON-RR'),'Setor',null,'H018');
Insert into PKWT.TABUNGAN_DETAIL (ID_TABUNGAN,SALDO_MASUK,SALDO_KELUAR,TOTAL_SALDO,TANGGAL_TRANSAKSI,KETERANGAN,BERITA_TRANSFER,ID_HISTORI) values ('T003',54848,null,254848,to_date('16-FEB-20','DD-MON-RR'),'Transfer',null,'H019');
Insert into PKWT.TABUNGAN_DETAIL (ID_TABUNGAN,SALDO_MASUK,SALDO_KELUAR,TOTAL_SALDO,TANGGAL_TRANSAKSI,KETERANGAN,BERITA_TRANSFER,ID_HISTORI) values ('T002',null,54848,110445151,to_date('16-FEB-20','DD-MON-RR'),'Transfer',null,'H019');
Insert into PKWT.TABUNGAN_DETAIL (ID_TABUNGAN,SALDO_MASUK,SALDO_KELUAR,TOTAL_SALDO,TANGGAL_TRANSAKSI,KETERANGAN,BERITA_TRANSFER,ID_HISTORI) values ('T002',100000,null,110545151,to_date('17-FEB-20','DD-MON-RR'),'Transfer','hey','H020');
Insert into PKWT.TABUNGAN_DETAIL (ID_TABUNGAN,SALDO_MASUK,SALDO_KELUAR,TOTAL_SALDO,TANGGAL_TRANSAKSI,KETERANGAN,BERITA_TRANSFER,ID_HISTORI) values ('T001',null,100000,1897864749,to_date('17-FEB-20','DD-MON-RR'),'Transfer','hey','H020');
Insert into PKWT.TABUNGAN_DETAIL (ID_TABUNGAN,SALDO_MASUK,SALDO_KELUAR,TOTAL_SALDO,TANGGAL_TRANSAKSI,KETERANGAN,BERITA_TRANSFER,ID_HISTORI) values ('T002',100000,null,110645151,to_date('17-FEB-20','DD-MON-RR'),'Transfer',':)','H021');
Insert into PKWT.TABUNGAN_DETAIL (ID_TABUNGAN,SALDO_MASUK,SALDO_KELUAR,TOTAL_SALDO,TANGGAL_TRANSAKSI,KETERANGAN,BERITA_TRANSFER,ID_HISTORI) values ('T001',null,100000,1897764749,to_date('17-FEB-20','DD-MON-RR'),'Transfer',':)','H021');
Insert into PKWT.TABUNGAN_DETAIL (ID_TABUNGAN,SALDO_MASUK,SALDO_KELUAR,TOTAL_SALDO,TANGGAL_TRANSAKSI,KETERANGAN,BERITA_TRANSFER,ID_HISTORI) values ('T001',100000,null,1897864749,to_date('17-FEB-20','DD-MON-RR'),'Setor',null,'H022');
Insert into PKWT.TABUNGAN_DETAIL (ID_TABUNGAN,SALDO_MASUK,SALDO_KELUAR,TOTAL_SALDO,TANGGAL_TRANSAKSI,KETERANGAN,BERITA_TRANSFER,ID_HISTORI) values ('T002',30000,null,110675151,to_date('17-FEB-20','DD-MON-RR'),'Transfer','UANG SAKU','H023');
Insert into PKWT.TABUNGAN_DETAIL (ID_TABUNGAN,SALDO_MASUK,SALDO_KELUAR,TOTAL_SALDO,TANGGAL_TRANSAKSI,KETERANGAN,BERITA_TRANSFER,ID_HISTORI) values ('T001',null,30000,1897834749,to_date('17-FEB-20','DD-MON-RR'),'Transfer','UANG SAKU','H023');
Insert into PKWT.TABUNGAN_DETAIL (ID_TABUNGAN,SALDO_MASUK,SALDO_KELUAR,TOTAL_SALDO,TANGGAL_TRANSAKSI,KETERANGAN,BERITA_TRANSFER,ID_HISTORI) values ('T009',500000,null,500000,to_date('17-FEB-20','DD-MON-RR'),'Setor',null,'H024');
Insert into PKWT.TABUNGAN_DETAIL (ID_TABUNGAN,SALDO_MASUK,SALDO_KELUAR,TOTAL_SALDO,TANGGAL_TRANSAKSI,KETERANGAN,BERITA_TRANSFER,ID_HISTORI) values ('T001',400000,null,1898234749,to_date('17-FEB-20','DD-MON-RR'),'Setor',null,'H025');
Insert into PKWT.TABUNGAN_DETAIL (ID_TABUNGAN,SALDO_MASUK,SALDO_KELUAR,TOTAL_SALDO,TANGGAL_TRANSAKSI,KETERANGAN,BERITA_TRANSFER,ID_HISTORI) values ('T002',100000,null,110775151,to_date('17-FEB-20','DD-MON-RR'),'Transfer','uang','H026');
Insert into PKWT.TABUNGAN_DETAIL (ID_TABUNGAN,SALDO_MASUK,SALDO_KELUAR,TOTAL_SALDO,TANGGAL_TRANSAKSI,KETERANGAN,BERITA_TRANSFER,ID_HISTORI) values ('T001',null,100000,1898134749,to_date('17-FEB-20','DD-MON-RR'),'Transfer','uang','H026');
Insert into PKWT.TABUNGAN_DETAIL (ID_TABUNGAN,SALDO_MASUK,SALDO_KELUAR,TOTAL_SALDO,TANGGAL_TRANSAKSI,KETERANGAN,BERITA_TRANSFER,ID_HISTORI) values ('T001',100000,null,1898234749,to_date('17-FEB-20','DD-MON-RR'),'Transfer',null,'H027');
Insert into PKWT.TABUNGAN_DETAIL (ID_TABUNGAN,SALDO_MASUK,SALDO_KELUAR,TOTAL_SALDO,TANGGAL_TRANSAKSI,KETERANGAN,BERITA_TRANSFER,ID_HISTORI) values ('T003',null,100000,154848,to_date('17-FEB-20','DD-MON-RR'),'Transfer',null,'H027');
Insert into PKWT.TABUNGAN_DETAIL (ID_TABUNGAN,SALDO_MASUK,SALDO_KELUAR,TOTAL_SALDO,TANGGAL_TRANSAKSI,KETERANGAN,BERITA_TRANSFER,ID_HISTORI) values ('T002',100000,null,110875151,to_date('17-FEB-20','DD-MON-RR'),'Transfer',':)','H028');
Insert into PKWT.TABUNGAN_DETAIL (ID_TABUNGAN,SALDO_MASUK,SALDO_KELUAR,TOTAL_SALDO,TANGGAL_TRANSAKSI,KETERANGAN,BERITA_TRANSFER,ID_HISTORI) values ('T003',null,100000,54848,to_date('17-FEB-20','DD-MON-RR'),'Transfer',':)','H028');
Insert into PKWT.TABUNGAN_DETAIL (ID_TABUNGAN,SALDO_MASUK,SALDO_KELUAR,TOTAL_SALDO,TANGGAL_TRANSAKSI,KETERANGAN,BERITA_TRANSFER,ID_HISTORI) values ('T001',10000,null,1898244749,to_date('17-FEB-20','DD-MON-RR'),'Transfer',null,'H029');
Insert into PKWT.TABUNGAN_DETAIL (ID_TABUNGAN,SALDO_MASUK,SALDO_KELUAR,TOTAL_SALDO,TANGGAL_TRANSAKSI,KETERANGAN,BERITA_TRANSFER,ID_HISTORI) values ('T003',null,10000,44848,to_date('17-FEB-20','DD-MON-RR'),'Transfer',null,'H029');
Insert into PKWT.TABUNGAN_DETAIL (ID_TABUNGAN,SALDO_MASUK,SALDO_KELUAR,TOTAL_SALDO,TANGGAL_TRANSAKSI,KETERANGAN,BERITA_TRANSFER,ID_HISTORI) values ('T002',14000,null,110889151,to_date('17-FEB-20','DD-MON-RR'),'Transfer',':)','H030');
Insert into PKWT.TABUNGAN_DETAIL (ID_TABUNGAN,SALDO_MASUK,SALDO_KELUAR,TOTAL_SALDO,TANGGAL_TRANSAKSI,KETERANGAN,BERITA_TRANSFER,ID_HISTORI) values ('T003',null,14000,30848,to_date('17-FEB-20','DD-MON-RR'),'Transfer',':)','H030');
Insert into PKWT.TABUNGAN_DETAIL (ID_TABUNGAN,SALDO_MASUK,SALDO_KELUAR,TOTAL_SALDO,TANGGAL_TRANSAKSI,KETERANGAN,BERITA_TRANSFER,ID_HISTORI) values ('T003',1000000,null,1030848,to_date('17-FEB-20','DD-MON-RR'),'Setor',null,'H031');
Insert into PKWT.TABUNGAN_DETAIL (ID_TABUNGAN,SALDO_MASUK,SALDO_KELUAR,TOTAL_SALDO,TANGGAL_TRANSAKSI,KETERANGAN,BERITA_TRANSFER,ID_HISTORI) values ('T002',100000,null,110989151,to_date('17-FEB-20','DD-MON-RR'),'Transfer',null,'H032');
Insert into PKWT.TABUNGAN_DETAIL (ID_TABUNGAN,SALDO_MASUK,SALDO_KELUAR,TOTAL_SALDO,TANGGAL_TRANSAKSI,KETERANGAN,BERITA_TRANSFER,ID_HISTORI) values ('T003',null,100000,930848,to_date('17-FEB-20','DD-MON-RR'),'Transfer',null,'H032');
REM INSERTING into PKWT.TRANSAKSI_KELUAR
SET DEFINE OFF;
Insert into PKWT.TRANSAKSI_KELUAR (ID_TRANSAKSI_KELUAR,PENGIRIM,PENERIMA,NOMINAL,TANGGAL_KELUAR) values ('K001','T004','T001',250000,to_date('14-FEB-20','DD-MON-RR'));
Insert into PKWT.TRANSAKSI_KELUAR (ID_TRANSAKSI_KELUAR,PENGIRIM,PENERIMA,NOMINAL,TANGGAL_KELUAR) values ('K002','T002','T004',500000,to_date('14-FEB-20','DD-MON-RR'));
Insert into PKWT.TRANSAKSI_KELUAR (ID_TRANSAKSI_KELUAR,PENGIRIM,PENERIMA,NOMINAL,TANGGAL_KELUAR) values ('K003','T001','T002',99999999,to_date('14-FEB-20','DD-MON-RR'));
Insert into PKWT.TRANSAKSI_KELUAR (ID_TRANSAKSI_KELUAR,PENGIRIM,PENERIMA,NOMINAL,TANGGAL_KELUAR) values ('K004','T001','T006',10000,to_date('14-FEB-20','DD-MON-RR'));
Insert into PKWT.TRANSAKSI_KELUAR (ID_TRANSAKSI_KELUAR,PENGIRIM,PENERIMA,NOMINAL,TANGGAL_KELUAR) values ('K005','T004','T001',10000,to_date('14-FEB-20','DD-MON-RR'));
Insert into PKWT.TRANSAKSI_KELUAR (ID_TRANSAKSI_KELUAR,PENGIRIM,PENERIMA,NOMINAL,TANGGAL_KELUAR) values ('K006','T001','T004',2000000,to_date('16-FEB-20','DD-MON-RR'));
Insert into PKWT.TRANSAKSI_KELUAR (ID_TRANSAKSI_KELUAR,PENGIRIM,PENERIMA,NOMINAL,TANGGAL_KELUAR) values ('K007','T001','T004',500000,to_date('16-FEB-20','DD-MON-RR'));
Insert into PKWT.TRANSAKSI_KELUAR (ID_TRANSAKSI_KELUAR,PENGIRIM,PENERIMA,NOMINAL,TANGGAL_KELUAR) values ('K008','T002','T003',54848,to_date('16-FEB-20','DD-MON-RR'));
Insert into PKWT.TRANSAKSI_KELUAR (ID_TRANSAKSI_KELUAR,PENGIRIM,PENERIMA,NOMINAL,TANGGAL_KELUAR) values ('K009','T001','T002',100000,to_date('17-FEB-20','DD-MON-RR'));
Insert into PKWT.TRANSAKSI_KELUAR (ID_TRANSAKSI_KELUAR,PENGIRIM,PENERIMA,NOMINAL,TANGGAL_KELUAR) values ('K010','T001','T002',100000,to_date('17-FEB-20','DD-MON-RR'));
Insert into PKWT.TRANSAKSI_KELUAR (ID_TRANSAKSI_KELUAR,PENGIRIM,PENERIMA,NOMINAL,TANGGAL_KELUAR) values ('K011','T001','T002',30000,to_date('17-FEB-20','DD-MON-RR'));
Insert into PKWT.TRANSAKSI_KELUAR (ID_TRANSAKSI_KELUAR,PENGIRIM,PENERIMA,NOMINAL,TANGGAL_KELUAR) values ('K012','T001','T002',100000,to_date('17-FEB-20','DD-MON-RR'));
Insert into PKWT.TRANSAKSI_KELUAR (ID_TRANSAKSI_KELUAR,PENGIRIM,PENERIMA,NOMINAL,TANGGAL_KELUAR) values ('K013','T003','T001',100000,to_date('17-FEB-20','DD-MON-RR'));
Insert into PKWT.TRANSAKSI_KELUAR (ID_TRANSAKSI_KELUAR,PENGIRIM,PENERIMA,NOMINAL,TANGGAL_KELUAR) values ('K014','T003','T002',100000,to_date('17-FEB-20','DD-MON-RR'));
Insert into PKWT.TRANSAKSI_KELUAR (ID_TRANSAKSI_KELUAR,PENGIRIM,PENERIMA,NOMINAL,TANGGAL_KELUAR) values ('K015','T003','T001',10000,to_date('17-FEB-20','DD-MON-RR'));
Insert into PKWT.TRANSAKSI_KELUAR (ID_TRANSAKSI_KELUAR,PENGIRIM,PENERIMA,NOMINAL,TANGGAL_KELUAR) values ('K016','T003','T002',14000,to_date('17-FEB-20','DD-MON-RR'));
Insert into PKWT.TRANSAKSI_KELUAR (ID_TRANSAKSI_KELUAR,PENGIRIM,PENERIMA,NOMINAL,TANGGAL_KELUAR) values ('K017','T003','T002',100000,to_date('17-FEB-20','DD-MON-RR'));
REM INSERTING into PKWT.TRANSAKSI_MASUK
SET DEFINE OFF;
Insert into PKWT.TRANSAKSI_MASUK (ID_TRANSAKSI_MASUK,ID_TABUNGAN,NOMINAL,TANGGAL_MASUK) values ('M003','T003',200000,to_date('14-FEB-20','DD-MON-RR'));
Insert into PKWT.TRANSAKSI_MASUK (ID_TRANSAKSI_MASUK,ID_TABUNGAN,NOMINAL,TANGGAL_MASUK) values ('M004','T004',1000000,to_date('14-FEB-20','DD-MON-RR'));
Insert into PKWT.TRANSAKSI_MASUK (ID_TRANSAKSI_MASUK,ID_TABUNGAN,NOMINAL,TANGGAL_MASUK) values ('M005','T005',500000,to_date('14-FEB-20','DD-MON-RR'));
Insert into PKWT.TRANSAKSI_MASUK (ID_TRANSAKSI_MASUK,ID_TABUNGAN,NOMINAL,TANGGAL_MASUK) values ('M001','T001',214748,to_date('14-FEB-20','DD-MON-RR'));
Insert into PKWT.TRANSAKSI_MASUK (ID_TRANSAKSI_MASUK,ID_TABUNGAN,NOMINAL,TANGGAL_MASUK) values ('M002','T002',1000000,to_date('14-FEB-20','DD-MON-RR'));
Insert into PKWT.TRANSAKSI_MASUK (ID_TRANSAKSI_MASUK,ID_TABUNGAN,NOMINAL,TANGGAL_MASUK) values ('M006','T001',250000,to_date('14-FEB-20','DD-MON-RR'));
Insert into PKWT.TRANSAKSI_MASUK (ID_TRANSAKSI_MASUK,ID_TABUNGAN,NOMINAL,TANGGAL_MASUK) values ('M007','T002',10000000,to_date('14-FEB-20','DD-MON-RR'));
Insert into PKWT.TRANSAKSI_MASUK (ID_TRANSAKSI_MASUK,ID_TABUNGAN,NOMINAL,TANGGAL_MASUK) values ('M008','T004',500000,to_date('14-FEB-20','DD-MON-RR'));
Insert into PKWT.TRANSAKSI_MASUK (ID_TRANSAKSI_MASUK,ID_TABUNGAN,NOMINAL,TANGGAL_MASUK) values ('M009','T001',2000000000,to_date('14-FEB-20','DD-MON-RR'));
Insert into PKWT.TRANSAKSI_MASUK (ID_TRANSAKSI_MASUK,ID_TABUNGAN,NOMINAL,TANGGAL_MASUK) values ('M010','T002',99999999,to_date('14-FEB-20','DD-MON-RR'));
Insert into PKWT.TRANSAKSI_MASUK (ID_TRANSAKSI_MASUK,ID_TABUNGAN,NOMINAL,TANGGAL_MASUK) values ('M011','T006',100000,to_date('14-FEB-20','DD-MON-RR'));
Insert into PKWT.TRANSAKSI_MASUK (ID_TRANSAKSI_MASUK,ID_TABUNGAN,NOMINAL,TANGGAL_MASUK) values ('M012','T006',100000,to_date('14-FEB-20','DD-MON-RR'));
Insert into PKWT.TRANSAKSI_MASUK (ID_TRANSAKSI_MASUK,ID_TABUNGAN,NOMINAL,TANGGAL_MASUK) values ('M013','T006',10000,to_date('14-FEB-20','DD-MON-RR'));
Insert into PKWT.TRANSAKSI_MASUK (ID_TRANSAKSI_MASUK,ID_TABUNGAN,NOMINAL,TANGGAL_MASUK) values ('M014','T007',2000000,to_date('14-FEB-20','DD-MON-RR'));
Insert into PKWT.TRANSAKSI_MASUK (ID_TRANSAKSI_MASUK,ID_TABUNGAN,NOMINAL,TANGGAL_MASUK) values ('M015','T001',10000,to_date('14-FEB-20','DD-MON-RR'));
Insert into PKWT.TRANSAKSI_MASUK (ID_TRANSAKSI_MASUK,ID_TABUNGAN,NOMINAL,TANGGAL_MASUK) values ('M016','T004',2000000,to_date('16-FEB-20','DD-MON-RR'));
Insert into PKWT.TRANSAKSI_MASUK (ID_TRANSAKSI_MASUK,ID_TABUNGAN,NOMINAL,TANGGAL_MASUK) values ('M017','T004',500000,to_date('16-FEB-20','DD-MON-RR'));
Insert into PKWT.TRANSAKSI_MASUK (ID_TRANSAKSI_MASUK,ID_TABUNGAN,NOMINAL,TANGGAL_MASUK) values ('M018','T008',50000,to_date('16-FEB-20','DD-MON-RR'));
Insert into PKWT.TRANSAKSI_MASUK (ID_TRANSAKSI_MASUK,ID_TABUNGAN,NOMINAL,TANGGAL_MASUK) values ('M019','T003',54848,to_date('16-FEB-20','DD-MON-RR'));
Insert into PKWT.TRANSAKSI_MASUK (ID_TRANSAKSI_MASUK,ID_TABUNGAN,NOMINAL,TANGGAL_MASUK) values ('M020','T002',100000,to_date('17-FEB-20','DD-MON-RR'));
Insert into PKWT.TRANSAKSI_MASUK (ID_TRANSAKSI_MASUK,ID_TABUNGAN,NOMINAL,TANGGAL_MASUK) values ('M021','T002',100000,to_date('17-FEB-20','DD-MON-RR'));
Insert into PKWT.TRANSAKSI_MASUK (ID_TRANSAKSI_MASUK,ID_TABUNGAN,NOMINAL,TANGGAL_MASUK) values ('M022','T001',100000,to_date('17-FEB-20','DD-MON-RR'));
Insert into PKWT.TRANSAKSI_MASUK (ID_TRANSAKSI_MASUK,ID_TABUNGAN,NOMINAL,TANGGAL_MASUK) values ('M023','T002',30000,to_date('17-FEB-20','DD-MON-RR'));
Insert into PKWT.TRANSAKSI_MASUK (ID_TRANSAKSI_MASUK,ID_TABUNGAN,NOMINAL,TANGGAL_MASUK) values ('M024','T009',500000,to_date('17-FEB-20','DD-MON-RR'));
Insert into PKWT.TRANSAKSI_MASUK (ID_TRANSAKSI_MASUK,ID_TABUNGAN,NOMINAL,TANGGAL_MASUK) values ('M025','T001',400000,to_date('17-FEB-20','DD-MON-RR'));
Insert into PKWT.TRANSAKSI_MASUK (ID_TRANSAKSI_MASUK,ID_TABUNGAN,NOMINAL,TANGGAL_MASUK) values ('M026','T002',100000,to_date('17-FEB-20','DD-MON-RR'));
Insert into PKWT.TRANSAKSI_MASUK (ID_TRANSAKSI_MASUK,ID_TABUNGAN,NOMINAL,TANGGAL_MASUK) values ('M027','T001',100000,to_date('17-FEB-20','DD-MON-RR'));
Insert into PKWT.TRANSAKSI_MASUK (ID_TRANSAKSI_MASUK,ID_TABUNGAN,NOMINAL,TANGGAL_MASUK) values ('M028','T002',100000,to_date('17-FEB-20','DD-MON-RR'));
Insert into PKWT.TRANSAKSI_MASUK (ID_TRANSAKSI_MASUK,ID_TABUNGAN,NOMINAL,TANGGAL_MASUK) values ('M029','T001',10000,to_date('17-FEB-20','DD-MON-RR'));
Insert into PKWT.TRANSAKSI_MASUK (ID_TRANSAKSI_MASUK,ID_TABUNGAN,NOMINAL,TANGGAL_MASUK) values ('M030','T002',14000,to_date('17-FEB-20','DD-MON-RR'));
Insert into PKWT.TRANSAKSI_MASUK (ID_TRANSAKSI_MASUK,ID_TABUNGAN,NOMINAL,TANGGAL_MASUK) values ('M031','T003',1000000,to_date('17-FEB-20','DD-MON-RR'));
Insert into PKWT.TRANSAKSI_MASUK (ID_TRANSAKSI_MASUK,ID_TABUNGAN,NOMINAL,TANGGAL_MASUK) values ('M032','T002',100000,to_date('17-FEB-20','DD-MON-RR'));
REM INSERTING into PKWT.USER_PEGAWAI
SET DEFINE OFF;
Insert into PKWT.USER_PEGAWAI (ID_USER,USERNAME,PASSWORD,ID_PEGAWAI) values ('U003','UTL002','123456','P003');
Insert into PKWT.USER_PEGAWAI (ID_USER,USERNAME,PASSWORD,ID_PEGAWAI) values ('U001','UCS001','123456','P001');
Insert into PKWT.USER_PEGAWAI (ID_USER,USERNAME,PASSWORD,ID_PEGAWAI) values ('U002','UTL001','123456','P002');
Insert into PKWT.USER_PEGAWAI (ID_USER,USERNAME,PASSWORD,ID_PEGAWAI) values ('U005','UCS002','123456','P006');
Insert into PKWT.USER_PEGAWAI (ID_USER,USERNAME,PASSWORD,ID_PEGAWAI) values ('U007','UMA001','123456','P011');
Insert into PKWT.USER_PEGAWAI (ID_USER,USERNAME,PASSWORD,ID_PEGAWAI) values ('U006','UCS003','123456','P005');
--------------------------------------------------------
--  DDL for Index HISTORI_SESSION_PK
--------------------------------------------------------

  CREATE UNIQUE INDEX "PKWT"."HISTORI_SESSION_PK" ON "PKWT"."HISTORI_SESSION" ("ID") 
  PCTFREE 10 INITRANS 2 MAXTRANS 255 COMPUTE STATISTICS 
  STORAGE(INITIAL 65536 NEXT 1048576 MINEXTENTS 1 MAXEXTENTS 2147483645
  PCTINCREASE 0 FREELISTS 1 FREELIST GROUPS 1 BUFFER_POOL DEFAULT FLASH_CACHE DEFAULT CELL_FLASH_CACHE DEFAULT)
  TABLESPACE "SYSTEM" ;
--------------------------------------------------------
--  DDL for Index HISTORI_TRANSAKSI_PK
--------------------------------------------------------

  CREATE UNIQUE INDEX "PKWT"."HISTORI_TRANSAKSI_PK" ON "PKWT"."HISTORI_TRANSAKSI" ("ID_HISTORI") 
  PCTFREE 10 INITRANS 2 MAXTRANS 255 COMPUTE STATISTICS 
  STORAGE(INITIAL 65536 NEXT 1048576 MINEXTENTS 1 MAXEXTENTS 2147483645
  PCTINCREASE 0 FREELISTS 1 FREELIST GROUPS 1 BUFFER_POOL DEFAULT FLASH_CACHE DEFAULT CELL_FLASH_CACHE DEFAULT)
  TABLESPACE "SYSTEM" ;
--------------------------------------------------------
--  DDL for Index PEGAWAI_PK
--------------------------------------------------------

  CREATE UNIQUE INDEX "PKWT"."PEGAWAI_PK" ON "PKWT"."JABATAN" ("ID_JABATAN") 
  PCTFREE 10 INITRANS 2 MAXTRANS 255 COMPUTE STATISTICS 
  STORAGE(INITIAL 65536 NEXT 1048576 MINEXTENTS 1 MAXEXTENTS 2147483645
  PCTINCREASE 0 FREELISTS 1 FREELIST GROUPS 1 BUFFER_POOL DEFAULT FLASH_CACHE DEFAULT CELL_FLASH_CACHE DEFAULT)
  TABLESPACE "SYSTEM" ;
--------------------------------------------------------
--  DDL for Index KLIEN_PK
--------------------------------------------------------

  CREATE UNIQUE INDEX "PKWT"."KLIEN_PK" ON "PKWT"."KLIEN" ("ID_KLIEN") 
  PCTFREE 10 INITRANS 2 MAXTRANS 255 COMPUTE STATISTICS 
  STORAGE(INITIAL 65536 NEXT 1048576 MINEXTENTS 1 MAXEXTENTS 2147483645
  PCTINCREASE 0 FREELISTS 1 FREELIST GROUPS 1 BUFFER_POOL DEFAULT FLASH_CACHE DEFAULT CELL_FLASH_CACHE DEFAULT)
  TABLESPACE "SYSTEM" ;
--------------------------------------------------------
--  DDL for Index NASABAH_PK
--------------------------------------------------------

  CREATE UNIQUE INDEX "PKWT"."NASABAH_PK" ON "PKWT"."NASABAH" ("ID_NASABAH") 
  PCTFREE 10 INITRANS 2 MAXTRANS 255 COMPUTE STATISTICS 
  STORAGE(INITIAL 65536 NEXT 1048576 MINEXTENTS 1 MAXEXTENTS 2147483645
  PCTINCREASE 0 FREELISTS 1 FREELIST GROUPS 1 BUFFER_POOL DEFAULT FLASH_CACHE DEFAULT CELL_FLASH_CACHE DEFAULT)
  TABLESPACE "SYSTEM" ;
--------------------------------------------------------
--  DDL for Index PEGAWAI_PK1
--------------------------------------------------------

  CREATE UNIQUE INDEX "PKWT"."PEGAWAI_PK1" ON "PKWT"."PEGAWAI" ("ID_PEGAWAI") 
  PCTFREE 10 INITRANS 2 MAXTRANS 255 COMPUTE STATISTICS 
  STORAGE(INITIAL 65536 NEXT 1048576 MINEXTENTS 1 MAXEXTENTS 2147483645
  PCTINCREASE 0 FREELISTS 1 FREELIST GROUPS 1 BUFFER_POOL DEFAULT FLASH_CACHE DEFAULT CELL_FLASH_CACHE DEFAULT)
  TABLESPACE "SYSTEM" ;
--------------------------------------------------------
--  DDL for Index SPRING_SESSION_PK
--------------------------------------------------------

  CREATE UNIQUE INDEX "PKWT"."SPRING_SESSION_PK" ON "PKWT"."SPRING_SESSION" ("PRIMARY_ID") 
  PCTFREE 10 INITRANS 2 MAXTRANS 255 COMPUTE STATISTICS 
  STORAGE(INITIAL 65536 NEXT 1048576 MINEXTENTS 1 MAXEXTENTS 2147483645
  PCTINCREASE 0 FREELISTS 1 FREELIST GROUPS 1 BUFFER_POOL DEFAULT FLASH_CACHE DEFAULT CELL_FLASH_CACHE DEFAULT)
  TABLESPACE "SYSTEM" ;
--------------------------------------------------------
--  DDL for Index SPRING_SESSION_IX1
--------------------------------------------------------

  CREATE UNIQUE INDEX "PKWT"."SPRING_SESSION_IX1" ON "PKWT"."SPRING_SESSION" ("SESSION_ID") 
  PCTFREE 10 INITRANS 2 MAXTRANS 255 COMPUTE STATISTICS 
  STORAGE(INITIAL 65536 NEXT 1048576 MINEXTENTS 1 MAXEXTENTS 2147483645
  PCTINCREASE 0 FREELISTS 1 FREELIST GROUPS 1 BUFFER_POOL DEFAULT FLASH_CACHE DEFAULT CELL_FLASH_CACHE DEFAULT)
  TABLESPACE "SYSTEM" ;
--------------------------------------------------------
--  DDL for Index SPRING_SESSION_IX2
--------------------------------------------------------

  CREATE INDEX "PKWT"."SPRING_SESSION_IX2" ON "PKWT"."SPRING_SESSION" ("EXPIRY_TIME") 
  PCTFREE 10 INITRANS 2 MAXTRANS 255 COMPUTE STATISTICS 
  STORAGE(INITIAL 65536 NEXT 1048576 MINEXTENTS 1 MAXEXTENTS 2147483645
  PCTINCREASE 0 FREELISTS 1 FREELIST GROUPS 1 BUFFER_POOL DEFAULT FLASH_CACHE DEFAULT CELL_FLASH_CACHE DEFAULT)
  TABLESPACE "SYSTEM" ;
--------------------------------------------------------
--  DDL for Index SPRING_SESSION_IX3
--------------------------------------------------------

  CREATE INDEX "PKWT"."SPRING_SESSION_IX3" ON "PKWT"."SPRING_SESSION" ("PRINCIPAL_NAME") 
  PCTFREE 10 INITRANS 2 MAXTRANS 255 COMPUTE STATISTICS 
  STORAGE(INITIAL 65536 NEXT 1048576 MINEXTENTS 1 MAXEXTENTS 2147483645
  PCTINCREASE 0 FREELISTS 1 FREELIST GROUPS 1 BUFFER_POOL DEFAULT FLASH_CACHE DEFAULT CELL_FLASH_CACHE DEFAULT)
  TABLESPACE "SYSTEM" ;
--------------------------------------------------------
--  DDL for Index SPRING_SESSION_ATTRIBUTES_PK
--------------------------------------------------------

  CREATE UNIQUE INDEX "PKWT"."SPRING_SESSION_ATTRIBUTES_PK" ON "PKWT"."SPRING_SESSION_ATTRIBUTES" ("SESSION_PRIMARY_ID", "ATTRIBUTE_NAME") 
  PCTFREE 10 INITRANS 2 MAXTRANS 255 COMPUTE STATISTICS 
  STORAGE(INITIAL 65536 NEXT 1048576 MINEXTENTS 1 MAXEXTENTS 2147483645
  PCTINCREASE 0 FREELISTS 1 FREELIST GROUPS 1 BUFFER_POOL DEFAULT FLASH_CACHE DEFAULT CELL_FLASH_CACHE DEFAULT)
  TABLESPACE "SYSTEM" ;
--------------------------------------------------------
--  DDL for Index SYS_C007009
--------------------------------------------------------

  CREATE UNIQUE INDEX "PKWT"."SYS_C007009" ON "PKWT"."TABUNGAN" ("ID_TABUNGAN") 
  PCTFREE 10 INITRANS 2 MAXTRANS 255 COMPUTE STATISTICS 
  STORAGE(INITIAL 65536 NEXT 1048576 MINEXTENTS 1 MAXEXTENTS 2147483645
  PCTINCREASE 0 FREELISTS 1 FREELIST GROUPS 1 BUFFER_POOL DEFAULT FLASH_CACHE DEFAULT CELL_FLASH_CACHE DEFAULT)
  TABLESPACE "SYSTEM" ;
--------------------------------------------------------
--  DDL for Index TRANSAKSI_KELUAR_PK
--------------------------------------------------------

  CREATE UNIQUE INDEX "PKWT"."TRANSAKSI_KELUAR_PK" ON "PKWT"."TRANSAKSI_KELUAR" ("ID_TRANSAKSI_KELUAR") 
  PCTFREE 10 INITRANS 2 MAXTRANS 255 COMPUTE STATISTICS 
  STORAGE(INITIAL 65536 NEXT 1048576 MINEXTENTS 1 MAXEXTENTS 2147483645
  PCTINCREASE 0 FREELISTS 1 FREELIST GROUPS 1 BUFFER_POOL DEFAULT FLASH_CACHE DEFAULT CELL_FLASH_CACHE DEFAULT)
  TABLESPACE "SYSTEM" ;
--------------------------------------------------------
--  DDL for Index TRANSAKSI_MASUK_PK
--------------------------------------------------------

  CREATE UNIQUE INDEX "PKWT"."TRANSAKSI_MASUK_PK" ON "PKWT"."TRANSAKSI_MASUK" ("ID_TRANSAKSI_MASUK") 
  PCTFREE 10 INITRANS 2 MAXTRANS 255 COMPUTE STATISTICS 
  STORAGE(INITIAL 65536 NEXT 1048576 MINEXTENTS 1 MAXEXTENTS 2147483645
  PCTINCREASE 0 FREELISTS 1 FREELIST GROUPS 1 BUFFER_POOL DEFAULT FLASH_CACHE DEFAULT CELL_FLASH_CACHE DEFAULT)
  TABLESPACE "SYSTEM" ;
--------------------------------------------------------
--  DDL for Index SYS_C007020
--------------------------------------------------------

  CREATE UNIQUE INDEX "PKWT"."SYS_C007020" ON "PKWT"."USER_PEGAWAI" ("ID_USER") 
  PCTFREE 10 INITRANS 2 MAXTRANS 255 COMPUTE STATISTICS 
  STORAGE(INITIAL 65536 NEXT 1048576 MINEXTENTS 1 MAXEXTENTS 2147483645
  PCTINCREASE 0 FREELISTS 1 FREELIST GROUPS 1 BUFFER_POOL DEFAULT FLASH_CACHE DEFAULT CELL_FLASH_CACHE DEFAULT)
  TABLESPACE "SYSTEM" ;
--------------------------------------------------------
--  Constraints for Table HISTORI_SESSION
--------------------------------------------------------

  ALTER TABLE "PKWT"."HISTORI_SESSION" ADD CONSTRAINT "HISTORI_SESSION_PK" PRIMARY KEY ("ID")
  USING INDEX PCTFREE 10 INITRANS 2 MAXTRANS 255 COMPUTE STATISTICS 
  STORAGE(INITIAL 65536 NEXT 1048576 MINEXTENTS 1 MAXEXTENTS 2147483645
  PCTINCREASE 0 FREELISTS 1 FREELIST GROUPS 1 BUFFER_POOL DEFAULT FLASH_CACHE DEFAULT CELL_FLASH_CACHE DEFAULT)
  TABLESPACE "SYSTEM"  ENABLE;
  ALTER TABLE "PKWT"."HISTORI_SESSION" MODIFY ("ID" NOT NULL ENABLE);
--------------------------------------------------------
--  Constraints for Table HISTORI_TRANSAKSI
--------------------------------------------------------

  ALTER TABLE "PKWT"."HISTORI_TRANSAKSI" ADD CONSTRAINT "HISTORI_TRANSAKSI_PK" PRIMARY KEY ("ID_HISTORI")
  USING INDEX PCTFREE 10 INITRANS 2 MAXTRANS 255 COMPUTE STATISTICS 
  STORAGE(INITIAL 65536 NEXT 1048576 MINEXTENTS 1 MAXEXTENTS 2147483645
  PCTINCREASE 0 FREELISTS 1 FREELIST GROUPS 1 BUFFER_POOL DEFAULT FLASH_CACHE DEFAULT CELL_FLASH_CACHE DEFAULT)
  TABLESPACE "SYSTEM"  ENABLE;
  ALTER TABLE "PKWT"."HISTORI_TRANSAKSI" MODIFY ("ID_HISTORI" NOT NULL ENABLE);
--------------------------------------------------------
--  Constraints for Table JABATAN
--------------------------------------------------------

  ALTER TABLE "PKWT"."JABATAN" ADD CONSTRAINT "JABATAN_PK" PRIMARY KEY ("ID_JABATAN")
  USING INDEX PCTFREE 10 INITRANS 2 MAXTRANS 255 COMPUTE STATISTICS 
  STORAGE(INITIAL 65536 NEXT 1048576 MINEXTENTS 1 MAXEXTENTS 2147483645
  PCTINCREASE 0 FREELISTS 1 FREELIST GROUPS 1 BUFFER_POOL DEFAULT FLASH_CACHE DEFAULT CELL_FLASH_CACHE DEFAULT)
  TABLESPACE "SYSTEM"  ENABLE;
  ALTER TABLE "PKWT"."JABATAN" MODIFY ("ID_JABATAN" NOT NULL ENABLE);
--------------------------------------------------------
--  Constraints for Table KLIEN
--------------------------------------------------------

  ALTER TABLE "PKWT"."KLIEN" ADD CONSTRAINT "KLIEN_PK" PRIMARY KEY ("ID_KLIEN")
  USING INDEX PCTFREE 10 INITRANS 2 MAXTRANS 255 COMPUTE STATISTICS 
  STORAGE(INITIAL 65536 NEXT 1048576 MINEXTENTS 1 MAXEXTENTS 2147483645
  PCTINCREASE 0 FREELISTS 1 FREELIST GROUPS 1 BUFFER_POOL DEFAULT FLASH_CACHE DEFAULT CELL_FLASH_CACHE DEFAULT)
  TABLESPACE "SYSTEM"  ENABLE;
  ALTER TABLE "PKWT"."KLIEN" MODIFY ("ID_KLIEN" NOT NULL ENABLE);
--------------------------------------------------------
--  Constraints for Table NASABAH
--------------------------------------------------------

  ALTER TABLE "PKWT"."NASABAH" ADD CONSTRAINT "NASABAH_PK" PRIMARY KEY ("ID_NASABAH")
  USING INDEX PCTFREE 10 INITRANS 2 MAXTRANS 255 COMPUTE STATISTICS 
  STORAGE(INITIAL 65536 NEXT 1048576 MINEXTENTS 1 MAXEXTENTS 2147483645
  PCTINCREASE 0 FREELISTS 1 FREELIST GROUPS 1 BUFFER_POOL DEFAULT FLASH_CACHE DEFAULT CELL_FLASH_CACHE DEFAULT)
  TABLESPACE "SYSTEM"  ENABLE;
  ALTER TABLE "PKWT"."NASABAH" MODIFY ("ID_NASABAH" NOT NULL ENABLE);
--------------------------------------------------------
--  Constraints for Table PEGAWAI
--------------------------------------------------------

  ALTER TABLE "PKWT"."PEGAWAI" ADD CONSTRAINT "PEGAWAI_PK" PRIMARY KEY ("ID_PEGAWAI")
  USING INDEX PCTFREE 10 INITRANS 2 MAXTRANS 255 COMPUTE STATISTICS 
  STORAGE(INITIAL 65536 NEXT 1048576 MINEXTENTS 1 MAXEXTENTS 2147483645
  PCTINCREASE 0 FREELISTS 1 FREELIST GROUPS 1 BUFFER_POOL DEFAULT FLASH_CACHE DEFAULT CELL_FLASH_CACHE DEFAULT)
  TABLESPACE "SYSTEM"  ENABLE;
  ALTER TABLE "PKWT"."PEGAWAI" MODIFY ("ID_PEGAWAI" NOT NULL ENABLE);
--------------------------------------------------------
--  Constraints for Table SPRING_SESSION
--------------------------------------------------------

  ALTER TABLE "PKWT"."SPRING_SESSION" ADD CONSTRAINT "SPRING_SESSION_PK" PRIMARY KEY ("PRIMARY_ID")
  USING INDEX PCTFREE 10 INITRANS 2 MAXTRANS 255 COMPUTE STATISTICS 
  STORAGE(INITIAL 65536 NEXT 1048576 MINEXTENTS 1 MAXEXTENTS 2147483645
  PCTINCREASE 0 FREELISTS 1 FREELIST GROUPS 1 BUFFER_POOL DEFAULT FLASH_CACHE DEFAULT CELL_FLASH_CACHE DEFAULT)
  TABLESPACE "SYSTEM"  ENABLE;
  ALTER TABLE "PKWT"."SPRING_SESSION" MODIFY ("EXPIRY_TIME" NOT NULL ENABLE);
  ALTER TABLE "PKWT"."SPRING_SESSION" MODIFY ("MAX_INACTIVE_INTERVAL" NOT NULL ENABLE);
  ALTER TABLE "PKWT"."SPRING_SESSION" MODIFY ("LAST_ACCESS_TIME" NOT NULL ENABLE);
  ALTER TABLE "PKWT"."SPRING_SESSION" MODIFY ("CREATION_TIME" NOT NULL ENABLE);
  ALTER TABLE "PKWT"."SPRING_SESSION" MODIFY ("SESSION_ID" NOT NULL ENABLE);
  ALTER TABLE "PKWT"."SPRING_SESSION" MODIFY ("PRIMARY_ID" NOT NULL ENABLE);
--------------------------------------------------------
--  Constraints for Table SPRING_SESSION_ATTRIBUTES
--------------------------------------------------------

  ALTER TABLE "PKWT"."SPRING_SESSION_ATTRIBUTES" ADD CONSTRAINT "SPRING_SESSION_ATTRIBUTES_PK" PRIMARY KEY ("SESSION_PRIMARY_ID", "ATTRIBUTE_NAME")
  USING INDEX PCTFREE 10 INITRANS 2 MAXTRANS 255 COMPUTE STATISTICS 
  STORAGE(INITIAL 65536 NEXT 1048576 MINEXTENTS 1 MAXEXTENTS 2147483645
  PCTINCREASE 0 FREELISTS 1 FREELIST GROUPS 1 BUFFER_POOL DEFAULT FLASH_CACHE DEFAULT CELL_FLASH_CACHE DEFAULT)
  TABLESPACE "SYSTEM"  ENABLE;
  ALTER TABLE "PKWT"."SPRING_SESSION_ATTRIBUTES" MODIFY ("ATTRIBUTE_BYTES" NOT NULL ENABLE);
  ALTER TABLE "PKWT"."SPRING_SESSION_ATTRIBUTES" MODIFY ("ATTRIBUTE_NAME" NOT NULL ENABLE);
  ALTER TABLE "PKWT"."SPRING_SESSION_ATTRIBUTES" MODIFY ("SESSION_PRIMARY_ID" NOT NULL ENABLE);
--------------------------------------------------------
--  Constraints for Table TABUNGAN
--------------------------------------------------------

  ALTER TABLE "PKWT"."TABUNGAN" ADD PRIMARY KEY ("ID_TABUNGAN")
  USING INDEX PCTFREE 10 INITRANS 2 MAXTRANS 255 COMPUTE STATISTICS 
  STORAGE(INITIAL 65536 NEXT 1048576 MINEXTENTS 1 MAXEXTENTS 2147483645
  PCTINCREASE 0 FREELISTS 1 FREELIST GROUPS 1 BUFFER_POOL DEFAULT FLASH_CACHE DEFAULT CELL_FLASH_CACHE DEFAULT)
  TABLESPACE "SYSTEM"  ENABLE;
  ALTER TABLE "PKWT"."TABUNGAN" MODIFY ("ID_TABUNGAN" NOT NULL ENABLE);
--------------------------------------------------------
--  Constraints for Table TABUNGAN_DETAIL
--------------------------------------------------------

  ALTER TABLE "PKWT"."TABUNGAN_DETAIL" MODIFY ("ID_TABUNGAN" NOT NULL ENABLE);
--------------------------------------------------------
--  Constraints for Table TRANSAKSI_KELUAR
--------------------------------------------------------

  ALTER TABLE "PKWT"."TRANSAKSI_KELUAR" ADD CONSTRAINT "TRANSAKSI_KELUAR_PK" PRIMARY KEY ("ID_TRANSAKSI_KELUAR")
  USING INDEX PCTFREE 10 INITRANS 2 MAXTRANS 255 COMPUTE STATISTICS 
  STORAGE(INITIAL 65536 NEXT 1048576 MINEXTENTS 1 MAXEXTENTS 2147483645
  PCTINCREASE 0 FREELISTS 1 FREELIST GROUPS 1 BUFFER_POOL DEFAULT FLASH_CACHE DEFAULT CELL_FLASH_CACHE DEFAULT)
  TABLESPACE "SYSTEM"  ENABLE;
  ALTER TABLE "PKWT"."TRANSAKSI_KELUAR" MODIFY ("ID_TRANSAKSI_KELUAR" NOT NULL ENABLE);
--------------------------------------------------------
--  Constraints for Table TRANSAKSI_MASUK
--------------------------------------------------------

  ALTER TABLE "PKWT"."TRANSAKSI_MASUK" ADD CONSTRAINT "TRANSAKSI_MASUK_PK" PRIMARY KEY ("ID_TRANSAKSI_MASUK")
  USING INDEX PCTFREE 10 INITRANS 2 MAXTRANS 255 COMPUTE STATISTICS 
  STORAGE(INITIAL 65536 NEXT 1048576 MINEXTENTS 1 MAXEXTENTS 2147483645
  PCTINCREASE 0 FREELISTS 1 FREELIST GROUPS 1 BUFFER_POOL DEFAULT FLASH_CACHE DEFAULT CELL_FLASH_CACHE DEFAULT)
  TABLESPACE "SYSTEM"  ENABLE;
  ALTER TABLE "PKWT"."TRANSAKSI_MASUK" MODIFY ("ID_TRANSAKSI_MASUK" NOT NULL ENABLE);
--------------------------------------------------------
--  Constraints for Table USER_PEGAWAI
--------------------------------------------------------

  ALTER TABLE "PKWT"."USER_PEGAWAI" ADD PRIMARY KEY ("ID_USER")
  USING INDEX PCTFREE 10 INITRANS 2 MAXTRANS 255 COMPUTE STATISTICS 
  STORAGE(INITIAL 65536 NEXT 1048576 MINEXTENTS 1 MAXEXTENTS 2147483645
  PCTINCREASE 0 FREELISTS 1 FREELIST GROUPS 1 BUFFER_POOL DEFAULT FLASH_CACHE DEFAULT CELL_FLASH_CACHE DEFAULT)
  TABLESPACE "SYSTEM"  ENABLE;
  ALTER TABLE "PKWT"."USER_PEGAWAI" MODIFY ("ID_USER" NOT NULL ENABLE);
--------------------------------------------------------
--  Ref Constraints for Table SPRING_SESSION_ATTRIBUTES
--------------------------------------------------------

  ALTER TABLE "PKWT"."SPRING_SESSION_ATTRIBUTES" ADD CONSTRAINT "SPRING_SESSION_ATTRIBUTES_FK" FOREIGN KEY ("SESSION_PRIMARY_ID")
	  REFERENCES "PKWT"."SPRING_SESSION" ("PRIMARY_ID") ON DELETE CASCADE ENABLE;
